scenario,seed,control_n,control_p50_ms,control_p99_ms,control_p999_ms,metadata_n,metadata_p50_ms,metadata_p99_ms,metadata_p999_ms,bulk_mbps,capacity_share,stalled
rate=1000000 rtt=20ms loss=0,1,999,52.4,228.2,360.1,156,158.2,248.9,282.2,0.912,0.912,false
rate=1000000 rtt=20ms loss=0,2,999,52.4,228.2,360.1,156,158.2,248.9,282.2,0.912,0.912,false
rate=1000000 rtt=20ms loss=0,3,999,53.1,233.4,273.6,157,156.4,282.7,288.6,0.906,0.906,false
rate=1000000 rtt=20ms loss=0,4,999,85.8,237.0,319.9,156,157.8,271.9,290.3,0.915,0.915,false
rate=1000000 rtt=20ms loss=0,5,999,53.1,233.4,273.6,157,156.4,282.7,288.6,0.906,0.906,false
rate=1000000 rtt=20ms loss=0,6,999,78.4,234.0,338.1,156,163.0,263.7,273.0,0.915,0.915,false
rate=1000000 rtt=20ms loss=0,7,999,81.7,229.6,274.0,157,158.6,259.0,288.6,0.915,0.915,false
rate=1000000 rtt=20ms loss=0,8,999,81.7,229.6,274.0,157,158.6,259.0,288.6,0.915,0.915,false
rate=1000000 rtt=20ms loss=0,9,999,52.4,228.2,360.1,156,158.2,248.9,282.2,0.912,0.912,false
rate=1000000 rtt=20ms loss=0,10,999,85.8,237.0,319.9,156,157.8,271.9,290.3,0.915,0.915,false
rate=1000000 rtt=20ms loss=0,11,999,53.1,233.4,273.6,157,156.4,282.7,288.6,0.906,0.906,false
rate=1000000 rtt=20ms loss=0,12,999,52.4,228.2,360.1,156,158.2,248.9,282.2,0.912,0.912,false
rate=1000000 rtt=20ms loss=0,13,999,85.8,237.0,319.9,156,157.8,271.9,290.3,0.915,0.915,false
rate=1000000 rtt=20ms loss=0,14,999,52.4,228.2,360.1,156,158.2,248.9,282.2,0.912,0.912,false
rate=1000000 rtt=20ms loss=0,15,999,53.1,233.4,273.6,157,156.4,282.7,288.6,0.906,0.906,false
rate=1000000 rtt=20ms loss=0,16,999,85.8,237.0,319.9,156,157.8,271.9,290.3,0.915,0.915,false
rate=1000000 rtt=20ms loss=0,17,999,53.1,233.4,273.6,157,156.4,282.7,288.6,0.906,0.906,false
rate=1000000 rtt=20ms loss=0,18,999,81.7,229.6,274.0,157,158.6,259.0,288.6,0.915,0.915,false
rate=1000000 rtt=20ms loss=0,19,999,52.4,228.2,360.1,156,158.2,248.9,282.2,0.912,0.912,false
rate=1000000 rtt=20ms loss=0,20,999,85.8,237.0,319.9,156,157.8,271.9,290.3,0.915,0.915,false
rate=1000000 rtt=20ms loss=1%,1,999,55.3,238.8,289.1,157,161.8,277.0,288.9,0.895,0.895,false
rate=1000000 rtt=20ms loss=1%,2,999,50.6,240.8,362.2,156,151.2,306.6,318.7,0.889,0.889,false
rate=1000000 rtt=20ms loss=1%,3,999,53.5,240.7,377.2,156,158.6,294.9,394.0,0.892,0.892,false
rate=1000000 rtt=20ms loss=1%,4,999,52.6,234.4,357.4,156,156.0,269.0,356.4,0.892,0.892,false
rate=1000000 rtt=20ms loss=1%,5,999,49.6,234.2,297.8,157,148.2,345.6,380.9,0.892,0.892,false
rate=1000000 rtt=20ms loss=1%,6,999,50.4,256.9,381.6,156,155.9,268.2,289.1,0.898,0.898,false
rate=1000000 rtt=20ms loss=1%,7,999,56.3,271.9,382.7,156,155.0,272.8,309.6,0.898,0.898,false
rate=1000000 rtt=20ms loss=1%,8,999,67.2,237.0,330.5,157,163.3,309.8,354.5,0.892,0.892,false
rate=1000000 rtt=20ms loss=1%,9,999,86.4,241.9,283.8,156,166.6,292.9,313.2,0.903,0.903,false
rate=1000000 rtt=20ms loss=1%,10,999,66.0,271.0,339.0,156,154.7,315.7,401.5,0.898,0.898,false
rate=1000000 rtt=20ms loss=1%,11,999,52.3,241.7,313.9,157,160.0,330.2,375.9,0.889,0.889,false
rate=1000000 rtt=20ms loss=1%,12,999,56.1,232.5,307.0,156,155.6,278.3,323.0,0.892,0.892,false
rate=1000000 rtt=20ms loss=1%,13,999,52.2,241.0,431.7,157,158.4,293.9,299.5,0.889,0.889,false
rate=1000000 rtt=20ms loss=1%,14,999,50.0,263.7,428.3,156,148.8,323.1,364.1,0.889,0.889,false
rate=1000000 rtt=20ms loss=1%,15,999,52.9,241.2,316.9,157,143.9,280.2,338.2,0.900,0.900,false
rate=1000000 rtt=20ms loss=1%,16,999,57.0,240.9,310.7,157,152.1,262.3,263.0,0.895,0.895,false
rate=1000000 rtt=20ms loss=1%,17,999,49.9,241.1,451.8,157,147.3,275.9,282.4,0.886,0.886,false
rate=1000000 rtt=20ms loss=1%,18,999,51.8,243.1,415.7,157,150.0,324.4,347.7,0.889,0.889,false
rate=1000000 rtt=20ms loss=1%,19,999,55.6,240.0,423.1,157,148.9,280.0,291.1,0.889,0.889,false
rate=1000000 rtt=20ms loss=1%,20,999,54.3,268.1,445.6,156,153.3,305.1,401.2,0.895,0.895,false
rate=1000000 rtt=100ms loss=0,1,999,143.0,201.3,366.9,156,193.9,266.1,272.7,0.923,0.923,false
rate=1000000 rtt=100ms loss=0,2,999,140.6,199.7,387.0,156,183.8,424.8,459.5,0.915,0.915,false
rate=1000000 rtt=100ms loss=0,3,999,141.8,198.9,211.9,156,192.3,399.5,431.0,0.915,0.915,false
rate=1000000 rtt=100ms loss=0,4,999,143.0,201.3,366.9,156,193.9,266.1,272.7,0.923,0.923,false
rate=1000000 rtt=100ms loss=0,5,999,141.8,198.9,211.9,156,192.3,399.5,431.0,0.915,0.915,false
rate=1000000 rtt=100ms loss=0,6,999,143.0,201.3,366.9,156,193.9,266.1,272.7,0.923,0.923,false
rate=1000000 rtt=100ms loss=0,7,999,141.8,198.9,211.9,156,192.3,399.5,431.0,0.915,0.915,false
rate=1000000 rtt=100ms loss=0,8,999,139.4,199.8,372.6,156,188.5,262.5,266.7,0.915,0.915,false
rate=1000000 rtt=100ms loss=0,9,999,141.8,198.9,211.9,156,192.3,399.5,431.0,0.915,0.915,false
rate=1000000 rtt=100ms loss=0,10,999,141.8,198.9,211.9,156,192.3,399.5,431.0,0.915,0.915,false
rate=1000000 rtt=100ms loss=0,11,999,141.8,198.9,211.9,156,192.3,399.5,431.0,0.915,0.915,false
rate=1000000 rtt=100ms loss=0,12,999,141.8,198.9,211.9,156,192.3,399.5,431.0,0.915,0.915,false
rate=1000000 rtt=100ms loss=0,13,999,139.4,199.8,372.6,156,188.5,262.5,266.7,0.915,0.915,false
rate=1000000 rtt=100ms loss=0,14,999,139.4,199.8,372.6,156,188.5,262.5,266.7,0.915,0.915,false
rate=1000000 rtt=100ms loss=0,15,999,141.8,198.9,211.9,156,192.3,399.5,431.0,0.915,0.915,false
rate=1000000 rtt=100ms loss=0,16,999,141.8,198.9,211.9,156,192.3,399.5,431.0,0.915,0.915,false
rate=1000000 rtt=100ms loss=0,17,999,141.8,198.9,211.9,156,192.3,399.5,431.0,0.915,0.915,false
rate=1000000 rtt=100ms loss=0,18,999,141.8,198.9,211.9,156,192.3,399.5,431.0,0.915,0.915,false
rate=1000000 rtt=100ms loss=0,19,999,141.8,198.9,211.9,156,192.3,399.5,431.0,0.915,0.915,false
rate=1000000 rtt=100ms loss=0,20,999,141.8,198.9,211.9,156,192.3,399.5,431.0,0.915,0.915,false
rate=1000000 rtt=100ms loss=1%,1,999,146.0,339.4,487.8,156,202.5,381.5,485.5,0.909,0.909,false
rate=1000000 rtt=100ms loss=1%,2,999,147.0,367.6,476.0,156,195.7,438.1,444.8,0.909,0.909,false
rate=1000000 rtt=100ms loss=1%,3,999,146.1,411.6,532.4,156,193.4,364.5,382.1,0.903,0.903,false
rate=1000000 rtt=100ms loss=1%,4,999,147.1,329.7,499.8,156,201.2,444.0,444.9,0.912,0.912,false
rate=1000000 rtt=100ms loss=1%,5,999,146.8,366.1,554.3,156,199.1,460.5,521.0,0.912,0.912,false
rate=1000000 rtt=100ms loss=1%,6,999,149.0,300.9,538.4,156,202.8,447.7,487.8,0.909,0.909,false
rate=1000000 rtt=100ms loss=1%,7,999,146.6,308.8,658.9,156,194.6,456.5,477.3,0.906,0.906,false
rate=1000000 rtt=100ms loss=1%,8,998,146.2,309.1,502.2,156,198.9,458.8,473.5,0.909,0.909,false
rate=1000000 rtt=100ms loss=1%,9,999,151.9,325.2,561.3,156,205.2,456.6,568.5,0.918,0.918,false
rate=1000000 rtt=100ms loss=1%,10,999,147.5,324.2,499.2,156,196.2,457.7,467.9,0.912,0.912,false
rate=1000000 rtt=100ms loss=1%,11,999,145.6,297.4,546.5,156,196.3,444.8,608.0,0.906,0.906,false
rate=1000000 rtt=100ms loss=1%,12,999,147.0,295.7,458.2,156,202.9,450.2,881.9,0.912,0.912,false
rate=1000000 rtt=100ms loss=1%,13,999,150.6,315.5,512.0,156,206.4,471.4,590.8,0.909,0.909,false
rate=1000000 rtt=100ms loss=1%,14,999,143.5,297.7,478.2,156,191.3,474.6,639.2,0.909,0.909,false
rate=1000000 rtt=100ms loss=1%,15,999,146.9,330.9,552.6,156,201.2,597.9,617.3,0.912,0.912,false
rate=1000000 rtt=100ms loss=1%,16,999,149.4,392.3,556.4,156,201.4,462.0,569.6,0.912,0.912,false
rate=1000000 rtt=100ms loss=1%,17,999,146.1,314.1,639.0,156,193.0,451.7,603.0,0.915,0.915,false
rate=1000000 rtt=100ms loss=1%,18,999,146.8,330.7,505.6,156,197.6,451.7,473.5,0.912,0.912,false
rate=1000000 rtt=100ms loss=1%,19,999,148.6,435.8,559.2,156,209.6,525.7,725.5,0.918,0.918,false
rate=1000000 rtt=100ms loss=1%,20,999,150.4,344.9,560.8,156,200.4,465.6,566.3,0.915,0.915,false
rate=10000000 rtt=20ms loss=0,1,999,24.6,39.8,42.7,157,33.3,50.7,79.3,9.204,0.920,false
rate=10000000 rtt=20ms loss=0,2,999,24.9,39.8,40.5,157,33.9,81.8,83.1,9.232,0.923,false
rate=10000000 rtt=20ms loss=0,3,999,24.8,40.1,41.2,157,33.6,80.5,80.9,9.232,0.923,false
rate=10000000 rtt=20ms loss=0,4,999,24.9,39.8,40.5,157,33.9,81.8,83.1,9.232,0.923,false
rate=10000000 rtt=20ms loss=0,5,999,24.9,39.8,40.5,157,33.9,81.8,83.1,9.232,0.923,false
rate=10000000 rtt=20ms loss=0,6,999,24.9,39.8,40.5,157,33.9,81.8,83.1,9.232,0.923,false
rate=10000000 rtt=20ms loss=0,7,999,24.9,39.8,40.5,157,33.9,81.8,83.1,9.232,0.923,false
rate=10000000 rtt=20ms loss=0,8,999,24.9,39.8,40.5,157,33.9,81.8,83.1,9.232,0.923,false
rate=10000000 rtt=20ms loss=0,9,999,24.9,39.8,40.5,157,33.9,81.8,83.1,9.232,0.923,false
rate=10000000 rtt=20ms loss=0,10,999,24.9,39.8,40.5,157,33.9,81.8,83.1,9.232,0.923,false
rate=10000000 rtt=20ms loss=0,11,999,24.6,39.8,42.7,157,33.3,50.7,79.3,9.204,0.920,false
rate=10000000 rtt=20ms loss=0,12,999,24.6,39.8,42.7,157,33.3,50.7,79.3,9.204,0.920,false
rate=10000000 rtt=20ms loss=0,13,999,24.9,39.8,40.5,157,33.9,81.8,83.1,9.232,0.923,false
rate=10000000 rtt=20ms loss=0,14,999,24.9,39.8,40.5,157,33.9,81.8,83.1,9.232,0.923,false
rate=10000000 rtt=20ms loss=0,15,999,24.8,40.1,41.2,157,33.6,80.5,80.9,9.232,0.923,false
rate=10000000 rtt=20ms loss=0,16,998,28.1,40.0,42.0,157,37.1,79.5,79.7,9.204,0.920,false
rate=10000000 rtt=20ms loss=0,17,999,24.8,40.1,41.2,157,33.6,80.5,80.9,9.232,0.923,false
rate=10000000 rtt=20ms loss=0,18,999,24.9,39.8,40.5,157,33.9,81.8,83.1,9.232,0.923,false
rate=10000000 rtt=20ms loss=0,19,999,24.6,39.8,42.7,157,33.3,50.7,79.3,9.204,0.920,false
rate=10000000 rtt=20ms loss=0,20,999,24.9,39.8,40.5,157,33.9,81.8,83.1,9.232,0.923,false
rate=10000000 rtt=20ms loss=1%,1,999,24.4,57.7,84.9,157,32.3,61.8,94.9,9.061,0.906,false
rate=10000000 rtt=20ms loss=1%,2,999,25.1,63.0,91.0,157,34.0,63.2,77.5,9.004,0.900,false
rate=10000000 rtt=20ms loss=1%,3,998,25.6,68.1,87.3,157,33.1,70.5,79.2,8.919,0.892,false
rate=10000000 rtt=20ms loss=1%,4,999,25.6,64.1,82.6,157,33.8,80.9,81.3,9.004,0.900,false
rate=10000000 rtt=20ms loss=1%,5,999,25.7,55.1,79.7,157,33.7,75.4,78.2,9.090,0.909,false
rate=10000000 rtt=20ms loss=1%,6,999,25.7,64.0,80.9,157,33.2,78.7,89.4,8.976,0.898,false
rate=10000000 rtt=20ms loss=1%,7,999,25.0,58.7,78.1,157,34.0,65.6,67.2,9.004,0.900,false
rate=10000000 rtt=20ms loss=1%,8,999,25.2,57.9,87.6,157,33.2,72.5,76.7,9.004,0.900,false
rate=10000000 rtt=20ms loss=1%,9,998,25.4,57.1,75.7,157,33.4,71.4,89.0,9.004,0.900,false
rate=10000000 rtt=20ms loss=1%,10,999,25.2,64.6,75.3,156,33.5,71.7,79.0,9.061,0.906,false
rate=10000000 rtt=20ms loss=1%,11,999,24.6,63.9,91.6,157,32.5,58.0,59.1,9.061,0.906,false
rate=10000000 rtt=20ms loss=1%,12,999,25.9,49.4,93.7,157,34.5,60.4,84.5,9.090,0.909,false
rate=10000000 rtt=20ms loss=1%,13,999,25.3,60.8,80.4,157,32.2,56.3,62.1,9.061,0.906,false
rate=10000000 rtt=20ms loss=1%,14,999,25.2,64.4,75.9,157,33.6,65.8,74.0,9.033,0.903,false
rate=10000000 rtt=20ms loss=1%,15,999,25.5,49.4,71.7,157,34.0,69.8,73.7,8.976,0.898,false
rate=10000000 rtt=20ms loss=1%,16,999,25.7,62.5,96.1,157,34.2,67.0,67.4,9.033,0.903,false
rate=10000000 rtt=20ms loss=1%,17,999,24.5,63.3,69.5,157,32.9,65.6,84.3,9.090,0.909,false
rate=10000000 rtt=20ms loss=1%,18,999,25.0,63.3,86.5,157,34.3,60.5,60.8,9.061,0.906,false
rate=10000000 rtt=20ms loss=1%,19,999,25.6,61.6,83.2,157,33.5,62.5,65.0,9.033,0.903,false
rate=10000000 rtt=20ms loss=1%,20,999,24.8,59.3,99.0,157,32.1,69.2,74.4,9.118,0.912,false
rate=10000000 rtt=100ms loss=0,1,994,106.9,146.5,160.3,156,121.5,172.2,180.5,8.696,0.870,false
rate=10000000 rtt=100ms loss=0,2,994,106.9,146.5,160.3,156,121.5,172.2,180.5,8.696,0.870,false
rate=10000000 rtt=100ms loss=0,3,994,106.9,146.5,160.3,156,121.5,172.2,180.5,8.696,0.870,false
rate=10000000 rtt=100ms loss=0,4,994,106.9,146.5,160.3,156,121.5,172.2,180.5,8.696,0.870,false
rate=10000000 rtt=100ms loss=0,5,994,106.9,146.5,160.3,156,121.5,172.2,180.5,8.696,0.870,false
rate=10000000 rtt=100ms loss=0,6,994,106.9,146.5,160.3,156,121.5,172.2,180.5,8.696,0.870,false
rate=10000000 rtt=100ms loss=0,7,994,106.9,146.5,160.3,156,121.5,172.2,180.5,8.696,0.870,false
rate=10000000 rtt=100ms loss=0,8,994,106.9,146.5,160.3,156,121.5,172.2,180.5,8.696,0.870,false
rate=10000000 rtt=100ms loss=0,9,994,106.9,146.5,160.3,156,121.5,172.2,180.5,8.696,0.870,false
rate=10000000 rtt=100ms loss=0,10,994,106.9,146.5,160.3,156,121.5,172.2,180.5,8.696,0.870,false
rate=10000000 rtt=100ms loss=0,11,994,106.9,146.5,160.3,156,121.5,172.2,180.5,8.696,0.870,false
rate=10000000 rtt=100ms loss=0,12,994,106.9,146.5,160.3,156,121.5,172.2,180.5,8.696,0.870,false
rate=10000000 rtt=100ms loss=0,13,994,106.9,146.5,160.3,156,121.5,172.2,180.5,8.696,0.870,false
rate=10000000 rtt=100ms loss=0,14,994,107.3,147.6,157.6,156,122.5,167.7,172.2,8.804,0.880,false
rate=10000000 rtt=100ms loss=0,15,994,106.9,146.5,160.3,156,121.5,172.2,180.5,8.696,0.870,false
rate=10000000 rtt=100ms loss=0,16,994,106.9,146.5,160.3,156,121.5,172.2,180.5,8.696,0.870,false
rate=10000000 rtt=100ms loss=0,17,994,106.9,146.5,160.3,156,121.5,172.2,180.5,8.696,0.870,false
rate=10000000 rtt=100ms loss=0,18,994,106.9,146.5,160.3,156,121.5,172.2,180.5,8.696,0.870,false
rate=10000000 rtt=100ms loss=0,19,994,106.9,146.5,160.3,156,121.5,172.2,180.5,8.696,0.870,false
rate=10000000 rtt=100ms loss=0,20,994,106.9,146.5,160.3,156,121.5,172.2,180.5,8.696,0.870,false
rate=10000000 rtt=100ms loss=1%,1,995,104.2,224.1,310.9,155,119.2,324.2,327.3,8.641,0.864,false
rate=10000000 rtt=100ms loss=1%,2,995,105.1,224.9,293.7,156,119.4,263.0,313.5,8.587,0.859,false
rate=10000000 rtt=100ms loss=1%,3,994,104.5,212.3,248.0,156,118.7,237.1,240.4,8.859,0.886,false
rate=10000000 rtt=100ms loss=1%,4,995,104.2,224.2,250.4,156,119.8,246.2,258.6,8.533,0.853,false
rate=10000000 rtt=100ms loss=1%,5,995,104.4,155.6,251.0,156,120.7,239.8,322.3,8.804,0.880,false
rate=10000000 rtt=100ms loss=1%,6,994,104.2,225.4,319.1,156,117.2,237.8,238.3,8.641,0.864,false
rate=10000000 rtt=100ms loss=1%,7,993,104.1,220.7,266.3,156,119.8,227.2,237.4,8.750,0.875,false
rate=10000000 rtt=100ms loss=1%,8,995,104.3,220.6,247.0,156,119.4,241.5,243.1,8.750,0.875,false
rate=10000000 rtt=100ms loss=1%,9,995,104.2,223.3,252.3,156,119.8,240.5,257.9,8.696,0.870,false
rate=10000000 rtt=100ms loss=1%,10,995,104.2,215.6,245.9,156,119.7,251.3,322.4,8.750,0.875,false
rate=10000000 rtt=100ms loss=1%,11,995,104.7,228.1,255.4,156,118.2,246.6,251.4,8.750,0.875,false
rate=10000000 rtt=100ms loss=1%,12,995,104.5,152.2,241.4,156,119.8,248.8,325.1,8.804,0.880,false
rate=10000000 rtt=100ms loss=1%,13,995,104.3,218.7,316.6,156,118.8,230.4,237.3,8.533,0.853,false
rate=10000000 rtt=100ms loss=1%,14,995,104.3,228.2,247.5,156,120.9,254.8,259.2,8.913,0.891,false
rate=10000000 rtt=100ms loss=1%,15,995,104.4,225.6,235.7,156,119.4,239.7,254.7,8.859,0.886,false
rate=10000000 rtt=100ms loss=1%,16,993,104.4,225.1,345.7,156,119.0,325.3,351.7,8.804,0.880,false
rate=10000000 rtt=100ms loss=1%,17,994,104.5,224.3,240.6,156,118.8,320.3,331.6,8.750,0.875,false
rate=10000000 rtt=100ms loss=1%,18,995,104.4,225.7,252.9,156,119.7,257.9,327.3,8.696,0.870,false
rate=10000000 rtt=100ms loss=1%,19,995,104.7,228.2,268.9,156,120.6,241.2,254.4,8.696,0.870,false
rate=10000000 rtt=100ms loss=1%,20,995,104.4,207.9,320.5,156,119.7,269.6,352.3,8.587,0.859,false
rate=100000000 rtt=20ms loss=0,1,989,20.8,24.4,25.0,155,23.0,27.0,27.1,89.130,0.891,false
rate=100000000 rtt=20ms loss=0,2,989,20.8,24.4,25.0,155,23.0,27.0,27.1,89.130,0.891,false
rate=100000000 rtt=20ms loss=0,3,989,20.8,24.4,25.0,155,23.0,27.0,27.1,89.130,0.891,false
rate=100000000 rtt=20ms loss=0,4,989,20.8,24.4,25.0,155,23.0,27.0,27.1,89.130,0.891,false
rate=100000000 rtt=20ms loss=0,5,989,20.8,24.4,25.0,155,23.0,27.0,27.1,89.130,0.891,false
rate=100000000 rtt=20ms loss=0,6,989,20.8,24.4,25.0,155,23.0,27.0,27.1,89.130,0.891,false
rate=100000000 rtt=20ms loss=0,7,989,20.8,24.4,25.0,155,23.0,27.0,27.1,89.130,0.891,false
rate=100000000 rtt=20ms loss=0,8,989,20.8,24.4,25.0,155,23.0,27.0,27.1,89.130,0.891,false
rate=100000000 rtt=20ms loss=0,9,989,20.8,24.4,25.0,155,23.0,27.0,27.1,89.130,0.891,false
rate=100000000 rtt=20ms loss=0,10,989,20.8,24.4,25.0,155,23.0,27.0,27.1,89.130,0.891,false
rate=100000000 rtt=20ms loss=0,11,989,20.8,24.4,25.0,155,23.0,27.0,27.1,89.130,0.891,false
rate=100000000 rtt=20ms loss=0,12,989,20.8,24.4,25.0,155,23.0,27.0,27.1,89.130,0.891,false
rate=100000000 rtt=20ms loss=0,13,989,20.8,24.4,25.0,155,23.0,27.0,27.1,89.130,0.891,false
rate=100000000 rtt=20ms loss=0,14,989,20.8,24.4,25.0,155,23.0,27.0,27.1,89.130,0.891,false
rate=100000000 rtt=20ms loss=0,15,989,20.8,24.4,25.0,155,23.0,27.0,27.1,89.130,0.891,false
rate=100000000 rtt=20ms loss=0,16,989,20.8,24.4,25.0,155,23.0,27.0,27.1,89.130,0.891,false
rate=100000000 rtt=20ms loss=0,17,989,20.8,24.4,25.0,155,23.0,27.0,27.1,89.130,0.891,false
rate=100000000 rtt=20ms loss=0,18,989,20.8,24.4,25.0,155,23.0,27.0,27.1,89.130,0.891,false
rate=100000000 rtt=20ms loss=0,19,989,20.8,24.4,25.0,155,23.0,27.0,27.1,89.130,0.891,false
rate=100000000 rtt=20ms loss=0,20,989,20.8,24.4,25.0,155,23.0,27.0,27.1,89.130,0.891,false
rate=100000000 rtt=20ms loss=1%,1,988,20.5,41.5,48.2,154,22.5,48.2,49.0,89.130,0.891,false
rate=100000000 rtt=20ms loss=1%,2,989,20.5,42.3,46.6,155,22.4,50.2,64.2,88.043,0.880,false
rate=100000000 rtt=20ms loss=1%,3,985,24.3,48.6,52.5,154,27.1,61.5,63.3,78.261,0.783,false
rate=100000000 rtt=20ms loss=1%,4,989,20.4,42.3,47.6,155,22.5,42.8,42.9,89.130,0.891,false
rate=100000000 rtt=20ms loss=1%,5,988,20.4,41.1,61.4,155,22.4,47.7,65.3,89.130,0.891,false
rate=100000000 rtt=20ms loss=1%,6,988,20.4,42.5,52.6,154,22.3,50.2,62.2,84.783,0.848,false
rate=100000000 rtt=20ms loss=1%,7,989,20.5,42.4,61.4,155,22.4,47.1,52.1,86.957,0.870,false
rate=100000000 rtt=20ms loss=1%,8,983,29.5,79.2,109.5,153,34.4,92.1,116.7,58.696,0.587,false
rate=100000000 rtt=20ms loss=1%,9,989,20.5,42.9,51.0,155,22.5,49.2,62.2,88.043,0.880,false
rate=100000000 rtt=20ms loss=1%,10,989,20.4,41.0,64.6,155,22.4,42.9,43.0,88.043,0.880,false
rate=100000000 rtt=20ms loss=1%,11,989,20.5,40.9,66.1,155,22.5,46.9,51.9,85.870,0.859,false
rate=100000000 rtt=20ms loss=1%,12,988,20.4,42.7,50.1,155,22.4,45.7,48.6,88.043,0.880,false
rate=100000000 rtt=20ms loss=1%,13,989,29.5,76.5,81.3,155,36.7,100.5,135.8,60.870,0.609,false
rate=100000000 rtt=20ms loss=1%,14,989,20.5,43.2,52.9,155,22.4,47.0,48.4,81.522,0.815,false
rate=100000000 rtt=20ms loss=1%,15,989,20.5,41.9,70.0,154,22.4,63.0,63.4,85.870,0.859,false
rate=100000000 rtt=20ms loss=1%,16,989,20.5,41.5,49.7,154,22.3,48.7,52.6,86.957,0.870,false
rate=100000000 rtt=20ms loss=1%,17,978,29.5,80.3,104.9,152,32.6,112.1,114.0,55.435,0.554,false
rate=100000000 rtt=20ms loss=1%,18,989,20.5,43.0,52.0,155,22.4,49.1,56.4,84.783,0.848,false
rate=100000000 rtt=20ms loss=1%,19,986,20.4,41.8,49.0,154,22.4,46.5,49.6,86.957,0.870,false
rate=100000000 rtt=20ms loss=1%,20,988,20.5,42.9,51.0,155,22.5,43.9,49.0,86.957,0.870,false
rate=100000000 rtt=100ms loss=0,1,933,112.4,169.5,175.0,146,124.2,690.7,692.5,43.478,0.435,false
rate=100000000 rtt=100ms loss=0,2,933,112.4,169.5,175.0,146,124.2,691.3,692.5,43.478,0.435,false
rate=100000000 rtt=100ms loss=0,3,933,112.4,169.5,175.0,146,124.2,690.7,692.5,43.478,0.435,false
rate=100000000 rtt=100ms loss=0,4,933,112.4,169.5,175.0,146,124.2,690.7,692.5,43.478,0.435,false
rate=100000000 rtt=100ms loss=0,5,933,112.4,169.5,175.0,146,124.2,690.7,692.5,43.478,0.435,false
rate=100000000 rtt=100ms loss=0,6,933,112.4,169.5,175.0,146,124.2,690.7,692.5,43.478,0.435,false
rate=100000000 rtt=100ms loss=0,7,933,112.4,169.5,175.0,146,124.2,691.3,692.5,43.478,0.435,false
rate=100000000 rtt=100ms loss=0,8,933,112.4,169.5,175.0,146,124.2,691.3,692.5,43.478,0.435,false
rate=100000000 rtt=100ms loss=0,9,933,112.4,169.5,175.0,146,124.2,691.3,692.5,43.478,0.435,false
rate=100000000 rtt=100ms loss=0,10,933,112.4,169.5,175.0,146,124.2,691.3,692.5,43.478,0.435,false
rate=100000000 rtt=100ms loss=0,11,933,112.4,169.5,175.0,146,124.2,690.7,692.5,43.478,0.435,false
rate=100000000 rtt=100ms loss=0,12,933,112.4,169.5,175.0,146,124.2,690.7,692.5,43.478,0.435,false
rate=100000000 rtt=100ms loss=0,13,933,112.4,169.5,175.0,146,124.2,691.3,692.5,43.478,0.435,false
rate=100000000 rtt=100ms loss=0,14,933,112.4,169.5,175.0,146,124.2,691.3,692.5,43.478,0.435,false
rate=100000000 rtt=100ms loss=0,15,933,112.4,169.5,175.0,146,124.2,691.3,692.5,43.478,0.435,false
rate=100000000 rtt=100ms loss=0,16,933,112.4,169.5,175.0,146,124.2,690.7,692.5,43.478,0.435,false
rate=100000000 rtt=100ms loss=0,17,933,112.4,169.5,175.0,146,124.2,690.7,692.5,43.478,0.435,false
rate=100000000 rtt=100ms loss=0,18,933,112.4,169.5,175.0,146,124.2,690.7,692.5,43.478,0.435,false
rate=100000000 rtt=100ms loss=0,19,933,112.4,169.5,175.0,146,124.2,690.7,692.5,43.478,0.435,false
rate=100000000 rtt=100ms loss=0,20,933,112.4,169.5,175.0,146,124.2,690.7,692.5,43.478,0.435,false
rate=100000000 rtt=100ms loss=1%,1,919,126.2,238.0,354.3,123,127.3,254.9,255.5,54.348,0.543,false
rate=100000000 rtt=100ms loss=1%,2,931,126.0,252.0,307.9,99,127.7,302.9,302.9,48.913,0.489,false
rate=100000000 rtt=100ms loss=1%,3,944,126.1,243.9,275.9,140,127.6,269.1,289.4,54.348,0.543,false
rate=100000000 rtt=100ms loss=1%,4,898,125.8,250.7,295.8,139,127.2,364.0,377.0,54.348,0.543,false
rate=100000000 rtt=100ms loss=1%,5,889,126.3,201.9,274.1,138,127.3,259.8,282.8,48.913,0.489,false
rate=100000000 rtt=100ms loss=1%,6,925,125.1,207.8,265.6,141,148.3,291.0,302.7,48.913,0.489,false
rate=100000000 rtt=100ms loss=1%,7,944,108.5,205.2,255.1,148,184.7,830.5,844.2,43.478,0.435,false
rate=100000000 rtt=100ms loss=1%,8,930,110.6,229.8,274.1,146,128.8,492.3,505.7,43.478,0.435,false
rate=100000000 rtt=100ms loss=1%,9,940,125.1,251.3,282.3,147,126.7,255.3,411.6,65.217,0.652,false
rate=100000000 rtt=100ms loss=1%,10,922,126.1,253.0,291.2,143,127.3,261.2,287.9,54.348,0.543,false
rate=100000000 rtt=100ms loss=1%,11,946,123.7,408.9,520.4,148,168.4,430.9,589.1,65.217,0.652,false
rate=100000000 rtt=100ms loss=1%,12,925,125.0,217.0,301.0,141,156.6,298.0,344.3,43.478,0.435,false
rate=100000000 rtt=100ms loss=1%,13,933,125.8,217.8,274.1,146,126.8,255.0,255.2,65.217,0.652,false
rate=100000000 rtt=100ms loss=1%,14,929,117.5,421.3,528.9,145,150.7,558.4,573.8,65.217,0.652,false
rate=100000000 rtt=100ms loss=1%,15,898,126.3,255.2,269.9,139,127.7,277.7,278.0,54.348,0.543,false
rate=100000000 rtt=100ms loss=1%,16,894,103.2,358.3,509.5,140,191.4,695.4,703.4,43.478,0.435,false
rate=100000000 rtt=100ms loss=1%,17,942,126.2,231.7,259.2,136,154.3,288.6,315.8,48.913,0.489,false
rate=100000000 rtt=100ms loss=1%,18,893,136.6,402.1,515.0,140,148.7,401.1,505.8,65.217,0.652,false
rate=100000000 rtt=100ms loss=1%,19,946,126.1,214.4,289.1,147,127.5,356.3,386.0,65.217,0.652,false
rate=100000000 rtt=100ms loss=1%,20,907,125.7,252.9,278.6,140,127.2,285.2,296.2,48.913,0.489,false
burst loss rate=10000000 rtt=100ms,1,995,107.4,232.1,286.6,156,123.5,297.2,351.2,8.696,0.870,false
burst loss rate=10000000 rtt=100ms,2,994,104.1,227.7,269.8,156,120.0,248.0,274.2,8.152,0.815,false
burst loss rate=10000000 rtt=100ms,3,995,104.4,214.4,252.6,156,119.9,228.6,243.9,8.533,0.853,false
burst loss rate=10000000 rtt=100ms,4,995,135.3,361.2,425.6,156,167.2,375.8,434.2,6.848,0.685,false
burst loss rate=10000000 rtt=100ms,5,994,105.3,230.2,262.2,156,119.9,254.2,278.8,8.533,0.853,false
burst loss rate=10000000 rtt=100ms,6,994,104.8,227.6,318.5,156,119.6,238.3,275.0,8.696,0.870,false
burst loss rate=10000000 rtt=100ms,7,991,152.3,379.3,421.3,155,177.4,428.7,448.7,6.685,0.668,false
burst loss rate=10000000 rtt=100ms,8,994,105.1,218.9,252.5,156,120.3,238.4,244.9,8.533,0.853,false
burst loss rate=10000000 rtt=100ms,9,994,104.8,220.3,244.3,156,120.8,260.3,329.0,8.370,0.837,false
burst loss rate=10000000 rtt=100ms,10,994,106.3,231.5,304.5,156,123.0,245.6,256.9,8.424,0.842,false
burst loss rate=10000000 rtt=100ms,11,995,104.7,226.1,249.0,156,120.2,235.1,255.4,8.261,0.826,false
burst loss rate=10000000 rtt=100ms,12,994,105.5,223.6,347.1,156,122.9,223.7,261.1,8.750,0.875,false
burst loss rate=10000000 rtt=100ms,13,995,105.1,229.0,321.9,156,120.1,251.6,260.2,8.533,0.853,false
burst loss rate=10000000 rtt=100ms,14,995,104.8,221.4,243.3,156,120.0,246.6,253.3,8.478,0.848,false
burst loss rate=10000000 rtt=100ms,15,995,105.2,213.4,233.4,156,120.8,225.7,247.4,8.533,0.853,false
burst loss rate=10000000 rtt=100ms,16,995,104.8,221.3,242.0,156,119.9,231.1,260.4,8.696,0.870,false
burst loss rate=10000000 rtt=100ms,17,995,105.1,222.2,289.8,156,120.0,235.4,235.4,8.533,0.853,false
burst loss rate=10000000 rtt=100ms,18,995,105.4,227.3,242.5,156,119.9,230.9,245.3,8.533,0.853,false
burst loss rate=10000000 rtt=100ms,19,994,104.9,215.2,245.7,156,120.8,247.2,254.2,8.424,0.842,false
burst loss rate=10000000 rtt=100ms,20,993,104.8,211.8,260.2,156,120.2,244.1,284.3,8.587,0.859,false

scenario,worst_control_p99_ms,worst_metadata_p99_ms,mean_bulk_mbps
burst loss rate=10000000 rtt=100ms,379.3,428.7,8.340
rate=1000000 rtt=100ms loss=0,201.3,424.8,0.916
rate=1000000 rtt=100ms loss=1%,435.8,597.9,0.911
rate=1000000 rtt=20ms loss=0,237.0,282.7,0.912
rate=1000000 rtt=20ms loss=1%,271.9,345.6,0.893
rate=10000000 rtt=100ms loss=0,147.6,172.2,8.701
rate=10000000 rtt=100ms loss=1%,228.2,325.3,8.720
rate=10000000 rtt=20ms loss=0,40.1,81.8,9.225
rate=10000000 rtt=20ms loss=1%,68.1,80.9,9.034
rate=100000000 rtt=100ms loss=0,169.5,691.3,43.478
rate=100000000 rtt=100ms loss=1%,421.3,830.5,54.076
rate=100000000 rtt=20ms loss=0,24.4,27.0,89.130
rate=100000000 rtt=20ms loss=1%,80.3,112.1,82.174

failures: none
