scenario,law,seed,goodput_mbps,capacity_share,ping_p50_ms,ping_p99_ms,ping_max_ms,steady_p50_ms,steady_p99_ms,pings,peak_queue_kb,dropped_queue,dropped_loss,jain,stalled
grid rate=64000 rtt=20ms loss=0,NewReno,1,0.061,0.953,289.0,289.0,289.0,289.0,289.0,956,2.2,2546,0,1.000,false
grid rate=64000 rtt=20ms loss=0,NewReno,2,0.061,0.953,289.0,289.0,289.0,289.0,289.0,956,2.2,2546,0,1.000,false
grid rate=64000 rtt=20ms loss=0,NewReno,3,0.061,0.953,289.0,289.0,289.0,289.0,289.0,956,2.2,2546,0,1.000,false
grid rate=64000 rtt=20ms loss=0,Cubic,1,0.061,0.953,289.0,289.0,289.0,289.0,289.0,956,2.2,2549,0,1.000,false
grid rate=64000 rtt=20ms loss=0,Cubic,2,0.061,0.953,289.0,289.0,289.0,289.0,289.0,956,2.2,2549,0,1.000,false
grid rate=64000 rtt=20ms loss=0,Cubic,3,0.061,0.953,289.0,289.0,289.0,289.0,289.0,956,2.2,2549,0,1.000,false
grid rate=64000 rtt=20ms loss=0,Bbr,1,0.060,0.938,235.2,289.0,630.2,235.2,289.0,980,2.3,21881,0,1.000,false
grid rate=64000 rtt=20ms loss=0,Bbr,2,0.060,0.938,235.2,289.0,630.2,235.2,289.0,980,2.3,21881,0,1.000,false
grid rate=64000 rtt=20ms loss=0,Bbr,3,0.060,0.938,235.2,289.0,630.2,235.2,289.0,980,2.3,21881,0,1.000,false
grid rate=64000 rtt=20ms loss=0,Copa,1,0.060,0.945,289.0,628.2,797.9,289.0,628.2,974,2.2,21749,0,1.000,false
grid rate=64000 rtt=20ms loss=0,Copa,2,0.060,0.945,289.0,628.2,797.9,289.0,628.2,974,2.2,21749,0,1.000,false
grid rate=64000 rtt=20ms loss=0,Copa,3,0.060,0.945,289.0,777.9,1396.4,289.0,777.9,971,2.2,21297,0,1.000,false
grid rate=64000 rtt=20ms loss=0,CopaMeta,1,0.061,0.952,289.0,289.0,630.2,289.0,289.0,957,2.2,21754,0,1.000,false
grid rate=64000 rtt=20ms loss=0,CopaMeta,2,0.061,0.952,289.0,289.0,630.2,289.0,289.0,957,2.2,21754,0,1.000,false
grid rate=64000 rtt=20ms loss=0,CopaMeta,3,0.061,0.952,289.0,289.0,630.2,289.0,289.0,957,2.2,21754,0,1.000,false
grid rate=64000 rtt=20ms loss=0.1%,NewReno,1,0.061,0.949,295.0,313.0,699.8,295.0,313.0,960,2.2,2768,64,1.000,false
grid rate=64000 rtt=20ms loss=0.1%,NewReno,2,0.061,0.951,291.0,311.0,604.2,291.0,311.0,958,2.2,2583,58,1.000,false
grid rate=64000 rtt=20ms loss=0.1%,NewReno,3,0.061,0.951,289.0,311.0,602.2,289.0,311.0,958,2.3,2591,62,1.000,false
grid rate=64000 rtt=20ms loss=0.1%,Cubic,1,0.061,0.951,293.0,313.0,652.8,293.0,313.0,957,2.3,2584,64,1.000,false
grid rate=64000 rtt=20ms loss=0.1%,Cubic,2,0.061,0.951,291.0,311.0,620.7,291.0,311.0,957,2.2,2576,58,1.000,false
grid rate=64000 rtt=20ms loss=0.1%,Cubic,3,0.061,0.952,289.0,309.0,663.5,289.0,309.0,957,2.3,2582,62,1.000,false
grid rate=64000 rtt=20ms loss=0.1%,Bbr,1,0.059,0.926,197.5,309.0,648.7,197.5,309.0,1011,2.3,82469,62,1.000,false
grid rate=64000 rtt=20ms loss=0.1%,Bbr,2,0.058,0.914,195.1,480.6,799.9,195.0,480.6,1023,2.2,83027,56,1.000,false
grid rate=64000 rtt=20ms loss=0.1%,Bbr,3,0.059,0.924,206.4,319.1,969.1,205.1,319.1,1008,2.3,112788,58,1.000,false
grid rate=64000 rtt=20ms loss=0.1%,Copa,1,0.060,0.942,291.0,777.9,1418.4,291.0,777.9,976,2.2,21278,56,1.000,false
grid rate=64000 rtt=20ms loss=0.1%,Copa,2,0.060,0.943,289.0,630.2,790.0,289.0,630.2,978,2.2,21325,53,1.000,false
grid rate=64000 rtt=20ms loss=0.1%,Copa,3,0.060,0.943,291.0,779.9,799.9,291.0,779.9,977,2.2,21158,56,1.000,false
grid rate=64000 rtt=20ms loss=0.1%,CopaMeta,1,0.059,0.926,207.4,317.0,790.0,207.4,317.0,1009,2.3,109240,62,1.000,false
grid rate=64000 rtt=20ms loss=0.1%,CopaMeta,2,0.060,0.937,187.9,309.0,774.9,187.9,309.0,1002,2.3,87683,56,1.000,false
grid rate=64000 rtt=20ms loss=0.1%,CopaMeta,3,0.059,0.928,215.5,480.6,1420.4,215.5,480.6,1002,2.3,149548,56,1.000,false
grid rate=64000 rtt=20ms loss=1%,NewReno,1,0.060,0.933,281.1,702.2,1867.2,281.1,702.2,978,2.3,5486,603,1.000,false
grid rate=64000 rtt=20ms loss=1%,NewReno,2,0.060,0.932,281.1,678.2,1895.2,281.1,678.2,979,2.2,4796,615,1.000,false
grid rate=64000 rtt=20ms loss=1%,NewReno,3,0.060,0.934,281.1,769.9,1901.1,281.1,769.9,976,2.2,4875,637,1.000,false
grid rate=64000 rtt=20ms loss=1%,Cubic,1,0.060,0.933,281.1,724.0,1897.2,281.1,724.0,977,2.3,5349,601,1.000,false
grid rate=64000 rtt=20ms loss=1%,Cubic,2,0.060,0.932,281.1,620.4,1875.2,281.1,620.4,981,2.2,5645,624,1.000,false
grid rate=64000 rtt=20ms loss=1%,Cubic,3,0.060,0.933,289.0,610.2,1236.8,289.0,610.2,980,2.3,4187,633,1.000,false
grid rate=64000 rtt=20ms loss=1%,Bbr,1,0.055,0.857,199.4,656.2,1463.2,198.4,656.2,1093,2.3,181759,563,1.000,false
grid rate=64000 rtt=20ms loss=1%,Bbr,2,0.055,0.855,198.0,759.9,1139.6,198.0,759.9,1095,2.3,199679,583,1.000,false
grid rate=64000 rtt=20ms loss=1%,Bbr,3,0.055,0.860,201.3,780.2,2658.5,201.2,780.2,1084,2.3,207419,597,1.000,false
grid rate=64000 rtt=20ms loss=1%,Copa,1,0.059,0.914,229.4,770.1,1915.2,229.4,770.1,1010,2.2,23934,548,1.000,false
grid rate=64000 rtt=20ms loss=1%,Copa,2,0.059,0.915,231.5,751.9,1252.2,231.5,751.9,1010,2.2,23200,576,1.000,false
grid rate=64000 rtt=20ms loss=1%,Copa,3,0.058,0.910,241.6,770.0,1256.9,241.6,770.0,1015,2.2,24240,599,1.000,false
grid rate=64000 rtt=20ms loss=1%,CopaMeta,1,0.058,0.903,220.5,632.2,813.2,219.9,632.2,1030,2.3,152443,537,1.000,false
grid rate=64000 rtt=20ms loss=1%,CopaMeta,2,0.057,0.897,215.0,776.0,2583.4,213.9,776.0,1034,2.3,168396,552,1.000,false
grid rate=64000 rtt=20ms loss=1%,CopaMeta,3,0.058,0.908,231.2,759.9,5197.0,231.2,759.9,1016,2.3,230274,553,1.000,false
grid rate=64000 rtt=20ms loss=5%,NewReno,1,0.056,0.867,229.7,6423.2,26215.2,229.7,9375.7,1002,2.2,4863,3077,1.000,false
grid rate=64000 rtt=20ms loss=5%,NewReno,2,0.055,0.863,218.1,2512.4,7020.0,217.9,2512.4,1043,2.2,6187,3137,1.000,false
grid rate=64000 rtt=20ms loss=5%,NewReno,3,0.055,0.860,229.7,4874.1,20481.8,229.5,4874.1,1031,2.2,4919,3100,1.000,false
grid rate=64000 rtt=20ms loss=5%,Cubic,1,0.055,0.864,220.7,5778.4,27422.2,219.9,7262.1,1001,2.2,5029,3086,1.000,false
grid rate=64000 rtt=20ms loss=5%,Cubic,2,0.056,0.869,238.4,8573.0,40079.3,238.4,8573.0,955,2.2,3973,3002,1.000,false
grid rate=64000 rtt=20ms loss=5%,Cubic,3,0.055,0.862,229.8,3709.4,12477.2,229.8,3709.4,1034,2.3,6394,3177,1.000,false
grid rate=64000 rtt=20ms loss=5%,Bbr,1,0.048,0.746,195.8,2483.6,12864.3,195.4,2483.6,1219,2.3,118090,3083,1.000,false
grid rate=64000 rtt=20ms loss=5%,Bbr,2,0.049,0.759,198.9,2083.1,5027.0,198.9,2083.1,1208,2.2,158964,3022,1.000,false
grid rate=64000 rtt=20ms loss=5%,Bbr,3,0.048,0.750,198.0,1786.0,3892.4,198.0,1786.0,1225,2.3,210485,3024,1.000,false
grid rate=64000 rtt=20ms loss=5%,Copa,1,0.054,0.838,211.5,4397.5,23206.7,211.5,4397.5,1051,2.2,21519,2792,1.000,false
grid rate=64000 rtt=20ms loss=5%,Copa,2,0.054,0.842,211.5,8600.4,26136.6,211.5,8600.4,1026,2.2,21740,2777,1.000,false
grid rate=64000 rtt=20ms loss=5%,Copa,3,0.054,0.843,211.5,2898.5,18355.2,211.5,2898.5,1053,2.2,22002,2784,1.000,false
grid rate=64000 rtt=20ms loss=5%,CopaMeta,1,0.051,0.802,210.5,2526.2,16757.7,210.3,2526.2,1121,2.3,100317,3037,1.000,false
grid rate=64000 rtt=20ms loss=5%,CopaMeta,2,0.050,0.788,215.8,1937.2,5993.7,215.5,1937.2,1157,2.2,182643,2855,1.000,false
grid rate=64000 rtt=20ms loss=5%,CopaMeta,3,0.051,0.792,211.5,2683.1,9331.4,211.5,2683.1,1142,2.2,185058,2826,1.000,false
grid rate=64000 rtt=100ms loss=0,NewReno,1,0.061,0.953,289.0,289.0,332.9,289.0,289.0,956,2.0,2545,0,1.000,false
grid rate=64000 rtt=100ms loss=0,NewReno,2,0.061,0.953,289.0,289.0,332.2,289.0,289.0,956,2.0,2545,0,1.000,false
grid rate=64000 rtt=100ms loss=0,NewReno,3,0.061,0.953,289.0,289.0,332.8,289.0,289.0,956,2.0,2545,0,1.000,false
grid rate=64000 rtt=100ms loss=0,Cubic,1,0.061,0.953,289.0,289.0,332.6,289.0,289.0,956,2.2,2549,0,1.000,false
grid rate=64000 rtt=100ms loss=0,Cubic,2,0.061,0.953,289.0,289.0,333.2,289.0,289.0,956,2.2,2549,0,1.000,false
grid rate=64000 rtt=100ms loss=0,Cubic,3,0.061,0.953,289.0,289.0,332.5,289.0,289.0,956,2.2,2549,0,1.000,false
grid rate=64000 rtt=100ms loss=0,Bbr,1,0.050,0.776,183.1,300.8,333.2,183.1,300.8,1216,2.3,22574,0,1.000,false
grid rate=64000 rtt=100ms loss=0,Bbr,2,0.050,0.776,183.1,300.8,333.1,183.1,300.8,1216,2.3,22574,0,1.000,false
grid rate=64000 rtt=100ms loss=0,Bbr,3,0.050,0.777,183.1,300.7,861.1,183.1,300.7,1216,2.3,22586,0,1.000,false
grid rate=64000 rtt=100ms loss=0,Copa,1,0.059,0.929,289.0,360.5,389.7,289.0,360.5,984,2.3,48863,0,1.000,false
grid rate=64000 rtt=100ms loss=0,Copa,2,0.058,0.910,289.0,389.0,711.0,289.0,389.0,1008,2.3,45037,0,1.000,false
grid rate=64000 rtt=100ms loss=0,Copa,3,0.059,0.929,289.0,360.5,389.7,289.0,360.5,984,2.3,48863,0,1.000,false
grid rate=64000 rtt=100ms loss=0,CopaMeta,1,0.050,0.776,209.1,300.8,332.4,209.1,300.8,1216,2.3,22573,0,1.000,false
grid rate=64000 rtt=100ms loss=0,CopaMeta,2,0.050,0.776,209.1,300.8,333.1,209.1,300.8,1216,2.3,22573,0,1.000,false
grid rate=64000 rtt=100ms loss=0,CopaMeta,3,0.050,0.776,209.1,300.8,331.9,209.1,300.8,1216,2.3,22573,0,1.000,false
grid rate=64000 rtt=100ms loss=0.1%,NewReno,1,0.061,0.950,291.0,304.9,393.0,291.0,304.9,959,2.2,2550,64,1.000,false
grid rate=64000 rtt=100ms loss=0.1%,NewReno,2,0.061,0.950,289.0,296.9,391.0,289.0,296.9,959,2.2,2546,58,1.000,false
grid rate=64000 rtt=100ms loss=0.1%,NewReno,3,0.061,0.950,289.0,304.9,634.9,289.0,303.0,958,2.2,2544,62,1.000,false
grid rate=64000 rtt=100ms loss=0.1%,Cubic,1,0.061,0.951,289.0,291.0,332.2,289.0,291.0,959,2.2,2545,64,1.000,false
grid rate=64000 rtt=100ms loss=0.1%,Cubic,2,0.061,0.950,293.0,304.9,606.2,293.0,304.9,959,2.2,2548,58,1.000,false
grid rate=64000 rtt=100ms loss=0.1%,Cubic,3,0.061,0.950,291.0,300.9,601.1,291.0,300.9,959,2.2,2545,62,1.000,false
grid rate=64000 rtt=100ms loss=0.1%,Bbr,1,0.052,0.814,209.1,390.4,853.3,209.1,390.4,1144,2.3,71365,62,1.000,false
grid rate=64000 rtt=100ms loss=0.1%,Bbr,2,0.050,0.775,201.2,303.5,559.9,201.2,302.1,1215,2.3,22754,67,1.000,false
grid rate=64000 rtt=100ms loss=0.1%,Bbr,3,0.052,0.811,209.1,389.8,861.6,209.1,389.8,1151,2.3,67207,60,1.000,false
grid rate=64000 rtt=100ms loss=0.1%,Copa,1,0.055,0.865,268.6,393.7,770.2,268.6,393.7,1066,2.3,40537,53,1.000,false
grid rate=64000 rtt=100ms loss=0.1%,Copa,2,0.054,0.849,241.4,397.4,753.9,241.4,397.4,1090,2.3,32432,54,1.000,false
grid rate=64000 rtt=100ms loss=0.1%,Copa,3,0.056,0.868,251.0,393.0,1452.4,251.0,393.0,1063,2.3,40801,55,1.000,false
grid rate=64000 rtt=100ms loss=0.1%,CopaMeta,1,0.050,0.777,209.1,313.1,558.2,209.1,309.1,1212,2.3,22846,74,1.000,false
grid rate=64000 rtt=100ms loss=0.1%,CopaMeta,2,0.050,0.781,209.1,302.9,392.9,209.1,300.8,1206,2.3,22681,67,1.000,false
grid rate=64000 rtt=100ms loss=0.1%,CopaMeta,3,0.050,0.776,205.4,303.9,798.6,205.4,303.9,1214,2.3,22707,70,1.000,false
grid rate=64000 rtt=100ms loss=1%,NewReno,1,0.059,0.925,295.0,641.1,769.9,295.0,641.1,986,2.2,2581,584,1.000,false
grid rate=64000 rtt=100ms loss=1%,NewReno,2,0.059,0.921,261.4,638.5,710.2,261.4,642.1,1001,2.2,2625,605,1.000,false
grid rate=64000 rtt=100ms loss=1%,NewReno,3,0.059,0.918,261.4,656.0,761.1,261.4,657.8,1002,2.2,2656,626,1.000,false
grid rate=64000 rtt=100ms loss=1%,Cubic,1,0.059,0.926,295.0,630.2,773.9,295.0,630.2,988,2.2,2560,584,1.000,false
grid rate=64000 rtt=100ms loss=1%,Cubic,2,0.059,0.923,281.1,647.4,775.9,281.1,647.4,994,2.2,2602,604,1.000,false
grid rate=64000 rtt=100ms loss=1%,Cubic,3,0.059,0.920,261.4,622.2,957.5,261.4,622.2,998,2.2,2617,624,1.000,false
grid rate=64000 rtt=100ms loss=1%,Bbr,1,0.052,0.809,218.2,772.4,1343.6,218.2,772.4,1145,2.2,88749,543,1.000,false
grid rate=64000 rtt=100ms loss=1%,Bbr,2,0.056,0.880,253.3,705.4,882.8,253.3,705.4,1047,2.3,40398,583,1.000,false
grid rate=64000 rtt=100ms loss=1%,Bbr,3,0.052,0.817,228.1,756.9,1353.5,228.1,756.9,1131,2.3,103053,565,1.000,false
grid rate=64000 rtt=100ms loss=1%,Copa,1,0.053,0.828,229.8,787.5,933.1,229.8,787.5,1115,2.2,37095,533,1.000,false
grid rate=64000 rtt=100ms loss=1%,Copa,2,0.053,0.835,231.2,793.4,957.5,231.2,793.4,1106,2.2,37630,562,1.000,false
grid rate=64000 rtt=100ms loss=1%,Copa,3,0.053,0.830,231.4,700.5,1256.9,231.4,700.5,1115,2.2,36103,575,1.000,false
grid rate=64000 rtt=100ms loss=1%,CopaMeta,1,0.055,0.864,223.1,765.9,1454.4,223.1,765.9,1069,2.3,107703,528,1.000,false
grid rate=64000 rtt=100ms loss=1%,CopaMeta,2,0.054,0.842,211.1,668.4,1301.2,211.1,694.5,1102,2.2,93885,582,1.000,false
grid rate=64000 rtt=100ms loss=1%,CopaMeta,3,0.055,0.860,236.5,737.1,867.6,236.5,737.1,1074,2.3,117642,567,1.000,false
grid rate=64000 rtt=100ms loss=5%,NewReno,1,0.051,0.802,231.5,2790.6,7028.7,231.5,2790.6,1114,2.2,4285,3086,1.000,false
grid rate=64000 rtt=100ms loss=5%,NewReno,2,0.051,0.802,231.1,2823.7,7224.9,231.1,2823.7,1121,2.2,4636,3098,1.000,false
grid rate=64000 rtt=100ms loss=5%,NewReno,3,0.051,0.804,231.5,2547.5,7060.7,231.5,2547.5,1118,2.2,4079,3103,1.000,false
grid rate=64000 rtt=100ms loss=5%,Cubic,1,0.052,0.805,231.5,2544.1,11812.2,231.5,2544.1,1116,2.2,4224,3086,1.000,false
grid rate=64000 rtt=100ms loss=5%,Cubic,2,0.051,0.805,231.5,2679.6,14844.1,231.5,2679.6,1110,2.2,4130,3066,1.000,false
grid rate=64000 rtt=100ms loss=5%,Cubic,3,0.051,0.804,232.2,2803.2,7687.9,232.2,2803.2,1104,2.2,3812,3080,1.000,false
grid rate=64000 rtt=100ms loss=5%,Bbr,1,0.052,0.815,281.1,1326.8,2673.4,281.1,1326.8,1110,2.2,31111,3074,1.000,false
grid rate=64000 rtt=100ms loss=5%,Bbr,2,0.055,0.867,281.1,1342.9,3495.9,281.1,1342.9,1041,2.2,12898,2994,1.000,false
grid rate=64000 rtt=100ms loss=5%,Bbr,3,0.045,0.705,226.7,2762.2,11730.6,226.7,2762.2,1264,2.3,71268,3013,1.000,false
grid rate=64000 rtt=100ms loss=5%,Copa,1,0.047,0.734,231.5,4189.8,9644.8,231.5,4189.8,1215,2.2,38883,2832,1.000,false
grid rate=64000 rtt=100ms loss=5%,Copa,2,0.046,0.723,230.5,2157.1,12673.6,230.5,2157.1,1246,2.2,36552,2888,1.000,false
grid rate=64000 rtt=100ms loss=5%,Copa,3,0.047,0.727,232.2,2816.2,12826.5,232.2,2816.2,1214,2.2,33932,2828,1.000,false
grid rate=64000 rtt=100ms loss=5%,CopaMeta,1,0.047,0.727,231.5,2702.8,8801.6,231.5,2702.8,1228,2.2,126407,2851,1.000,false
grid rate=64000 rtt=100ms loss=5%,CopaMeta,2,0.046,0.721,235.0,2573.7,13732.0,234.3,2573.7,1242,2.2,137377,2820,1.000,false
grid rate=64000 rtt=100ms loss=5%,CopaMeta,3,0.047,0.735,236.2,2810.5,9735.2,236.2,2810.5,1206,2.2,161340,2745,1.000,false
grid rate=64000 rtt=300ms loss=0,NewReno,1,0.052,0.809,583.4,591.2,591.2,583.4,591.2,1039,2.2,2113,0,1.000,false
grid rate=64000 rtt=300ms loss=0,NewReno,2,0.052,0.809,583.4,591.2,591.2,583.4,591.2,1039,2.2,2113,0,1.000,false
grid rate=64000 rtt=300ms loss=0,NewReno,3,0.052,0.809,583.4,591.2,591.2,583.4,591.2,1039,2.2,2113,0,1.000,false
grid rate=64000 rtt=300ms loss=0,Cubic,1,0.060,0.943,590.5,591.2,591.2,590.5,591.2,893,2.2,2269,0,1.000,false
grid rate=64000 rtt=300ms loss=0,Cubic,2,0.060,0.943,590.5,591.2,591.2,590.5,591.2,893,2.2,2269,0,1.000,false
grid rate=64000 rtt=300ms loss=0,Cubic,3,0.060,0.943,590.5,591.2,591.2,590.5,591.2,893,2.2,2269,0,1.000,false
grid rate=64000 rtt=300ms loss=0,Bbr,1,0.045,0.697,408.9,508.8,585.6,408.9,508.8,1255,2.2,5045,0,1.000,false
grid rate=64000 rtt=300ms loss=0,Bbr,2,0.045,0.697,408.9,508.8,508.8,408.9,508.8,1255,2.2,5045,0,1.000,false
grid rate=64000 rtt=300ms loss=0,Bbr,3,0.045,0.697,408.9,508.8,585.6,408.9,508.8,1255,2.2,5045,0,1.000,false
grid rate=64000 rtt=300ms loss=0,Copa,1,0.045,0.707,323.4,482.9,482.9,323.4,482.9,1256,2.0,5046,0,1.000,false
grid rate=64000 rtt=300ms loss=0,Copa,2,0.045,0.707,323.4,482.9,482.9,323.4,482.9,1256,2.0,5046,0,1.000,false
grid rate=64000 rtt=300ms loss=0,Copa,3,0.045,0.707,323.4,482.9,482.9,323.4,482.9,1256,2.0,5046,0,1.000,false
grid rate=64000 rtt=300ms loss=0,CopaMeta,1,0.045,0.700,349.2,559.2,559.2,349.2,559.2,1256,2.0,5046,0,1.000,false
grid rate=64000 rtt=300ms loss=0,CopaMeta,2,0.045,0.700,349.2,559.2,559.2,349.2,559.2,1256,2.0,5046,0,1.000,false
grid rate=64000 rtt=300ms loss=0,CopaMeta,3,0.045,0.700,349.2,559.2,559.2,349.2,559.2,1256,2.0,5046,0,1.000,false
grid rate=64000 rtt=300ms loss=0.1%,NewReno,1,0.051,0.805,583.4,598.0,1309.8,583.4,598.0,1046,2.2,2092,65,1.000,false
grid rate=64000 rtt=300ms loss=0.1%,NewReno,2,0.052,0.805,583.4,598.0,1256.9,583.4,598.0,1044,2.2,2108,59,1.000,false
grid rate=64000 rtt=300ms loss=0.1%,NewReno,3,0.052,0.805,583.4,1349.4,1651.4,583.4,1349.4,1037,2.2,2042,63,1.000,false
grid rate=64000 rtt=300ms loss=0.1%,Cubic,1,0.060,0.941,590.5,593.2,1706.5,590.5,593.2,894,2.3,2253,62,1.000,false
grid rate=64000 rtt=300ms loss=0.1%,Cubic,2,0.060,0.940,591.2,595.2,1355.4,591.2,595.2,894,2.2,2235,57,1.000,false
grid rate=64000 rtt=300ms loss=0.1%,Cubic,3,0.060,0.941,590.5,593.2,1354.4,590.5,593.2,894,2.3,2247,60,1.000,false
grid rate=64000 rtt=300ms loss=0.1%,Bbr,1,0.053,0.831,441.4,1088.3,1497.9,441.4,1088.3,1030,2.3,12589,62,1.000,false
grid rate=64000 rtt=300ms loss=0.1%,Bbr,2,0.053,0.830,439.4,1053.3,1353.3,439.4,1053.3,1041,2.3,12235,57,1.000,false
grid rate=64000 rtt=300ms loss=0.1%,Bbr,3,0.053,0.828,442.1,1053.4,3158.5,442.1,1053.4,1037,2.3,17876,59,1.000,false
grid rate=64000 rtt=300ms loss=0.1%,Copa,1,0.058,0.911,588.2,598.1,2251.2,588.2,598.1,924,2.2,18444,49,1.000,false
grid rate=64000 rtt=300ms loss=0.1%,Copa,2,0.056,0.882,590.2,1050.5,3453.2,590.2,1050.5,960,2.2,17331,50,1.000,false
grid rate=64000 rtt=300ms loss=0.1%,Copa,3,0.058,0.903,592.2,1349.0,3447.8,592.2,1349.0,931,2.2,18652,49,1.000,false
grid rate=64000 rtt=300ms loss=0.1%,CopaMeta,1,0.048,0.748,385.2,596.5,1498.6,385.2,596.5,1174,2.3,43864,60,1.000,false
grid rate=64000 rtt=300ms loss=0.1%,CopaMeta,2,0.046,0.711,433.4,582.9,1819.7,433.4,582.9,1221,2.2,14168,58,1.000,false
grid rate=64000 rtt=300ms loss=0.1%,CopaMeta,3,0.051,0.793,434.5,1343.4,1502.1,434.5,1343.4,1093,2.2,47668,56,1.000,false
grid rate=64000 rtt=300ms loss=1%,NewReno,1,0.050,0.778,570.1,1359.4,2268.6,570.1,1359.4,1081,2.2,2246,591,1.000,false
grid rate=64000 rtt=300ms loss=1%,NewReno,2,0.050,0.775,570.1,1503.0,2252.2,570.1,1503.0,1084,2.2,2401,615,1.000,false
grid rate=64000 rtt=300ms loss=1%,NewReno,3,0.050,0.776,570.1,1356.1,2254.1,570.1,1356.1,1088,2.2,2314,634,1.000,false
grid rate=64000 rtt=300ms loss=1%,Cubic,1,0.058,0.906,474.9,1899.9,4193.0,474.9,1899.9,927,2.2,2298,574,1.000,false
grid rate=64000 rtt=300ms loss=1%,Cubic,2,0.058,0.905,504.6,1813.5,3455.6,505.1,1813.5,911,2.2,2355,593,1.000,false
grid rate=64000 rtt=300ms loss=1%,Cubic,3,0.058,0.904,494.1,1739.4,6442.1,494.9,1739.4,913,2.2,2342,617,1.000,false
grid rate=64000 rtt=300ms loss=1%,Bbr,1,0.058,0.911,461.4,1649.1,2116.8,461.4,1649.1,915,2.3,4028,579,1.000,false
grid rate=64000 rtt=300ms loss=1%,Bbr,2,0.057,0.898,468.6,1357.9,2859.6,468.9,1357.9,941,2.2,8118,591,1.000,false
grid rate=64000 rtt=300ms loss=1%,Bbr,3,0.058,0.904,464.6,1353.2,2254.8,464.6,1353.2,937,2.3,5292,619,1.000,false
grid rate=64000 rtt=300ms loss=1%,Copa,1,0.054,0.843,483.7,1957.4,10926.6,485.1,1957.4,985,2.2,17920,494,1.000,false
grid rate=64000 rtt=300ms loss=1%,Copa,2,0.057,0.891,478.6,1507.5,2280.5,478.6,1507.5,943,2.2,19952,518,1.000,false
grid rate=64000 rtt=300ms loss=1%,Copa,3,0.057,0.888,474.1,1359.9,3604.5,474.1,1359.9,949,2.2,20093,527,1.000,false
grid rate=64000 rtt=300ms loss=1%,CopaMeta,1,0.053,0.823,463.0,1383.1,4801.9,463.2,1383.1,1041,2.2,94691,499,1.000,false
grid rate=64000 rtt=300ms loss=1%,CopaMeta,2,0.053,0.823,464.6,1390.3,2297.8,464.6,1390.3,1042,2.2,99041,535,1.000,false
grid rate=64000 rtt=300ms loss=1%,CopaMeta,3,0.052,0.812,464.6,1499.0,2254.9,464.9,1499.0,1043,2.2,95286,553,1.000,false
grid rate=64000 rtt=300ms loss=5%,NewReno,1,0.043,0.665,435.2,1952.6,6879.6,435.2,1916.5,1263,2.2,2718,3156,1.000,false
grid rate=64000 rtt=300ms loss=5%,NewReno,2,0.043,0.665,435.2,1969.7,3442.4,435.2,1969.7,1270,2.2,2764,3127,1.000,false
grid rate=64000 rtt=300ms loss=5%,NewReno,3,0.042,0.663,435.2,1817.1,4056.6,435.2,1817.1,1272,2.2,2666,3153,1.000,false
grid rate=64000 rtt=300ms loss=5%,Cubic,1,0.048,0.752,494.8,1839.6,13895.2,494.8,1839.6,1111,2.2,2797,3070,1.000,false
grid rate=64000 rtt=300ms loss=5%,Cubic,2,0.048,0.749,487.6,1808.4,4738.9,487.7,1808.4,1122,2.2,2783,3046,1.000,false
grid rate=64000 rtt=300ms loss=5%,Cubic,3,0.048,0.746,507.1,1821.7,5112.7,507.1,1821.7,1123,2.2,2741,3085,1.000,false
grid rate=64000 rtt=300ms loss=5%,Bbr,1,0.054,0.843,498.1,1775.4,3154.1,498.1,1775.4,993,2.2,3500,2961,1.000,false
grid rate=64000 rtt=300ms loss=5%,Bbr,2,0.053,0.821,493.4,1532.3,5776.5,493.7,1532.3,1017,2.2,5635,2929,1.000,false
grid rate=64000 rtt=300ms loss=5%,Bbr,3,0.053,0.836,484.6,1495.1,2338.0,484.6,1444.8,1007,2.2,3976,2952,1.000,false
grid rate=64000 rtt=300ms loss=5%,Copa,1,0.053,0.827,570.1,1956.6,4605.7,570.1,1956.6,995,2.2,24631,2587,1.000,false
grid rate=64000 rtt=300ms loss=5%,Copa,2,0.048,0.753,537.0,2058.1,3293.1,537.8,2058.1,1107,2.2,20120,2718,1.000,false
grid rate=64000 rtt=300ms loss=5%,Copa,3,0.052,0.818,570.1,1984.4,10135.9,570.1,1984.4,1005,2.2,23567,2582,1.000,false
grid rate=64000 rtt=300ms loss=5%,CopaMeta,1,0.045,0.709,464.3,2501.8,3466.5,464.3,2501.8,1181,2.2,117198,2727,1.000,false
grid rate=64000 rtt=300ms loss=5%,CopaMeta,2,0.044,0.692,458.9,2148.7,12819.5,458.9,2148.7,1207,2.2,105477,2758,1.000,false
grid rate=64000 rtt=300ms loss=5%,CopaMeta,3,0.044,0.686,436.9,2388.6,7164.0,436.9,2388.6,1220,2.2,73996,2828,1.000,false
grid rate=1000000 rtt=20ms loss=0,NewReno,1,0.941,0.941,21.4,30.6,38.4,21.4,30.6,965,2.2,1304,0,1.000,false
grid rate=1000000 rtt=20ms loss=0,NewReno,2,0.941,0.941,21.4,30.6,38.4,21.4,30.6,965,2.2,1304,0,1.000,false
grid rate=1000000 rtt=20ms loss=0,NewReno,3,0.941,0.941,21.4,30.6,38.4,21.4,30.6,965,2.2,1304,0,1.000,false
grid rate=1000000 rtt=20ms loss=0,Cubic,1,0.946,0.946,30.1,39.7,39.7,30.1,39.7,920,2.3,1283,0,1.000,false
grid rate=1000000 rtt=20ms loss=0,Cubic,2,0.946,0.946,30.1,39.7,39.7,30.1,39.7,920,2.3,1283,0,1.000,false
grid rate=1000000 rtt=20ms loss=0,Cubic,3,0.946,0.946,30.1,39.7,39.7,30.1,39.7,920,2.3,1283,0,1.000,false
grid rate=1000000 rtt=20ms loss=0,Bbr,1,0.672,0.672,20.9,33.0,33.0,20.9,33.0,1357,2.2,4763,0,1.000,false
grid rate=1000000 rtt=20ms loss=0,Bbr,2,0.672,0.672,20.9,33.0,33.0,20.9,33.0,1357,2.2,4763,0,1.000,false
grid rate=1000000 rtt=20ms loss=0,Bbr,3,0.672,0.672,20.9,33.0,33.0,20.9,33.0,1357,2.2,4763,0,1.000,false
grid rate=1000000 rtt=20ms loss=0,Copa,1,0.672,0.672,20.9,33.0,33.0,20.9,33.0,1357,2.2,4763,0,1.000,false
grid rate=1000000 rtt=20ms loss=0,Copa,2,0.672,0.672,20.9,33.0,33.0,20.9,33.0,1357,2.2,4763,0,1.000,false
grid rate=1000000 rtt=20ms loss=0,Copa,3,0.672,0.672,20.9,33.0,33.0,20.9,33.0,1357,2.2,4763,0,1.000,false
grid rate=1000000 rtt=20ms loss=0,CopaMeta,1,0.672,0.672,20.9,33.0,33.0,20.9,33.0,1357,2.2,4763,0,1.000,false
grid rate=1000000 rtt=20ms loss=0,CopaMeta,2,0.672,0.672,20.9,33.0,33.0,20.9,33.0,1357,2.2,4763,0,1.000,false
grid rate=1000000 rtt=20ms loss=0,CopaMeta,3,0.672,0.672,20.9,33.0,33.0,20.9,33.0,1357,2.2,4763,0,1.000,false
grid rate=1000000 rtt=20ms loss=0.1%,NewReno,1,0.908,0.908,21.4,32.6,83.1,21.4,31.8,994,2.2,1296,65,1.000,false
grid rate=1000000 rtt=20ms loss=0.1%,NewReno,2,0.884,0.884,30.0,32.3,74.8,30.1,32.2,1017,2.2,1290,59,1.000,false
grid rate=1000000 rtt=20ms loss=0.1%,NewReno,3,0.873,0.873,30.7,33.1,80.1,30.7,32.7,1028,2.2,1282,63,1.000,false
grid rate=1000000 rtt=20ms loss=0.1%,Cubic,1,0.943,0.943,30.1,39.7,88.5,30.1,39.7,923,2.3,1268,65,1.000,false
grid rate=1000000 rtt=20ms loss=0.1%,Cubic,2,0.944,0.944,30.1,39.7,94.0,30.1,39.7,923,2.3,1278,59,1.000,false
grid rate=1000000 rtt=20ms loss=0.1%,Cubic,3,0.943,0.943,30.1,39.7,94.0,30.1,39.7,923,2.3,1273,63,1.000,false
grid rate=1000000 rtt=20ms loss=0.1%,Bbr,1,0.688,0.688,23.4,39.1,80.6,23.4,39.1,1315,2.3,15345,65,1.000,false
grid rate=1000000 rtt=20ms loss=0.1%,Bbr,2,0.713,0.713,23.9,38.0,39.3,24.2,38.0,1264,2.4,23629,57,1.000,false
grid rate=1000000 rtt=20ms loss=0.1%,Bbr,3,0.721,0.721,24.5,38.6,89.7,24.6,38.6,1247,2.4,24737,60,1.000,false
grid rate=1000000 rtt=20ms loss=0.1%,Copa,1,0.904,0.904,30.6,39.7,77.7,30.6,39.7,973,2.3,10077,50,1.000,false
grid rate=1000000 rtt=20ms loss=0.1%,Copa,2,0.864,0.864,30.1,39.7,98.5,30.6,39.7,1021,2.4,10972,52,1.000,false
grid rate=1000000 rtt=20ms loss=0.1%,Copa,3,0.863,0.863,30.1,39.7,89.7,30.1,39.7,1023,2.4,10419,56,1.000,false
grid rate=1000000 rtt=20ms loss=0.1%,CopaMeta,1,0.744,0.744,23.4,35.2,86.0,23.4,35.9,1212,2.3,27058,62,1.000,false
grid rate=1000000 rtt=20ms loss=0.1%,CopaMeta,2,0.665,0.665,23.3,34.9,77.4,23.4,34.9,1367,2.3,18767,59,1.000,false
grid rate=1000000 rtt=20ms loss=0.1%,CopaMeta,3,0.734,0.734,23.4,34.9,97.7,24.1,34.9,1227,2.3,25521,60,1.000,false
grid rate=1000000 rtt=20ms loss=1%,NewReno,1,0.810,0.810,30.1,80.1,179.7,30.1,80.1,1096,2.3,1632,602,1.000,false
grid rate=1000000 rtt=20ms loss=1%,NewReno,2,0.818,0.818,30.1,119.8,200.9,30.1,119.8,1084,2.3,1531,617,1.000,false
grid rate=1000000 rtt=20ms loss=1%,NewReno,3,0.817,0.817,30.3,73.2,158.2,30.3,73.2,1090,2.3,1380,638,1.000,false
grid rate=1000000 rtt=20ms loss=1%,Cubic,1,0.916,0.916,30.8,86.6,838.6,30.8,86.6,949,2.4,1607,591,1.000,false
grid rate=1000000 rtt=20ms loss=1%,Cubic,2,0.913,0.913,31.3,85.9,399.4,31.3,85.9,951,2.3,1718,610,1.000,false
grid rate=1000000 rtt=20ms loss=1%,Cubic,3,0.912,0.912,31.8,87.8,216.2,31.8,87.8,952,2.3,1773,632,1.000,false
grid rate=1000000 rtt=20ms loss=1%,Bbr,1,0.810,0.810,30.8,104.5,1067.6,31.0,104.5,1074,2.3,21614,567,1.000,false
grid rate=1000000 rtt=20ms loss=1%,Bbr,2,0.822,0.822,30.4,92.3,377.4,30.5,92.3,1063,2.3,6202,613,1.000,false
grid rate=1000000 rtt=20ms loss=1%,Bbr,3,0.822,0.822,30.3,81.7,235.3,30.4,81.7,1071,2.3,13299,624,1.000,false
grid rate=1000000 rtt=20ms loss=1%,Copa,1,0.825,0.825,30.8,84.3,340.9,30.9,84.3,1065,2.3,9898,521,1.000,false
grid rate=1000000 rtt=20ms loss=1%,Copa,2,0.782,0.782,30.1,83.0,351.6,30.1,83.0,1129,2.3,10701,575,1.000,false
grid rate=1000000 rtt=20ms loss=1%,Copa,3,0.799,0.799,30.1,90.5,371.5,30.5,90.6,1101,2.3,10050,578,1.000,false
grid rate=1000000 rtt=20ms loss=1%,CopaMeta,1,0.779,0.779,24.4,82.0,172.4,24.5,82.0,1147,2.3,55179,541,1.000,false
grid rate=1000000 rtt=20ms loss=1%,CopaMeta,2,0.734,0.734,24.2,88.5,363.4,24.2,89.2,1211,2.3,56340,582,1.000,false
grid rate=1000000 rtt=20ms loss=1%,CopaMeta,3,0.786,0.786,25.8,79.4,176.5,25.9,79.4,1134,2.3,56964,579,1.000,false
grid rate=1000000 rtt=20ms loss=5%,NewReno,1,0.683,0.683,26.8,349.1,3008.9,26.8,352.3,1215,2.3,1784,3151,1.000,false
grid rate=1000000 rtt=20ms loss=5%,NewReno,2,0.686,0.686,29.0,210.8,1591.5,29.0,304.8,1217,2.3,1795,3121,1.000,false
grid rate=1000000 rtt=20ms loss=5%,NewReno,3,0.690,0.690,27.7,219.0,2400.8,27.9,230.7,1215,2.3,1757,3152,1.000,false
grid rate=1000000 rtt=20ms loss=5%,Cubic,1,0.772,0.772,30.1,402.4,1747.7,30.1,402.4,1056,2.3,1920,3086,1.000,false
grid rate=1000000 rtt=20ms loss=5%,Cubic,2,0.774,0.774,30.1,396.8,2235.1,30.1,396.8,1055,2.3,1913,3066,1.000,false
grid rate=1000000 rtt=20ms loss=5%,Cubic,3,0.767,0.767,30.1,310.9,1647.6,30.1,310.9,1084,2.3,1831,3104,1.000,false
grid rate=1000000 rtt=20ms loss=5%,Bbr,1,0.852,0.852,33.5,512.7,7556.2,33.8,512.7,873,2.3,3904,3010,1.000,false
grid rate=1000000 rtt=20ms loss=5%,Bbr,2,0.844,0.844,33.9,283.5,2293.2,34.1,283.5,957,2.3,3981,3005,1.000,false
grid rate=1000000 rtt=20ms loss=5%,Bbr,3,0.826,0.826,33.0,272.0,2325.3,33.0,272.0,993,2.3,3758,3024,1.000,false
grid rate=1000000 rtt=20ms loss=5%,Copa,1,0.845,0.845,34.9,1562.3,10410.6,35.1,1562.3,847,2.3,19618,2594,1.000,false
grid rate=1000000 rtt=20ms loss=5%,Copa,2,0.786,0.786,30.8,357.0,2196.4,30.8,357.0,1048,2.3,12426,2714,1.000,false
grid rate=1000000 rtt=20ms loss=5%,Copa,3,0.781,0.781,30.8,789.6,6227.5,30.8,789.6,978,2.3,12118,2706,1.000,false
grid rate=1000000 rtt=20ms loss=5%,CopaMeta,1,0.718,0.718,30.8,318.9,852.8,30.8,318.9,1179,2.3,123166,2738,1.000,false
grid rate=1000000 rtt=20ms loss=5%,CopaMeta,2,0.667,0.667,28.0,325.3,2733.0,28.2,325.3,1259,2.3,71078,2869,1.000,false
grid rate=1000000 rtt=20ms loss=5%,CopaMeta,3,0.696,0.696,30.1,335.8,2850.3,30.1,335.8,1164,2.3,101056,2794,1.000,false
grid rate=1000000 rtt=100ms loss=0,NewReno,1,0.932,0.932,152.6,190.9,190.9,152.6,190.9,611,11.2,208,0,1.000,false
grid rate=1000000 rtt=100ms loss=0,NewReno,2,0.932,0.932,152.6,190.9,190.9,152.6,190.9,611,11.2,208,0,1.000,false
grid rate=1000000 rtt=100ms loss=0,NewReno,3,0.932,0.932,152.6,190.9,190.9,152.6,190.9,611,11.2,208,0,1.000,false
grid rate=1000000 rtt=100ms loss=0,Cubic,1,0.955,0.955,171.7,190.9,190.9,171.7,190.9,561,11.2,119,0,1.000,false
grid rate=1000000 rtt=100ms loss=0,Cubic,2,0.955,0.955,171.7,190.9,190.9,171.7,190.9,561,11.2,119,0,1.000,false
grid rate=1000000 rtt=100ms loss=0,Cubic,3,0.955,0.955,171.7,190.9,190.9,171.7,190.9,561,11.2,119,0,1.000,false
grid rate=1000000 rtt=100ms loss=0,Bbr,1,0.912,0.912,114.3,190.9,192.1,114.3,190.9,665,11.3,316,0,1.000,false
grid rate=1000000 rtt=100ms loss=0,Bbr,2,0.917,0.917,114.3,190.9,192.1,114.3,190.9,655,11.3,316,0,1.000,false
grid rate=1000000 rtt=100ms loss=0,Bbr,3,0.914,0.914,114.3,190.9,192.1,114.3,190.9,661,11.3,316,0,1.000,false
grid rate=1000000 rtt=100ms loss=0,Copa,1,0.948,0.948,133.4,143.0,190.9,133.4,133.4,640,11.2,95,0,1.000,false
grid rate=1000000 rtt=100ms loss=0,Copa,2,0.948,0.948,133.4,143.0,190.9,133.4,133.4,640,11.2,95,0,1.000,false
grid rate=1000000 rtt=100ms loss=0,Copa,3,0.948,0.948,133.4,143.0,190.9,133.4,133.4,640,11.2,95,0,1.000,false
grid rate=1000000 rtt=100ms loss=0,CopaMeta,1,0.897,0.897,186.3,463.2,506.9,188.4,463.2,568,12.1,27056,0,1.000,false
grid rate=1000000 rtt=100ms loss=0,CopaMeta,2,0.923,0.923,190.9,459.0,487.7,190.9,459.0,525,12.1,32213,0,1.000,false
grid rate=1000000 rtt=100ms loss=0,CopaMeta,3,0.897,0.897,186.3,463.2,506.9,188.4,463.2,568,12.1,27056,0,1.000,false
grid rate=1000000 rtt=100ms loss=0.1%,NewReno,1,0.915,0.915,143.0,190.9,304.1,143.0,190.9,631,11.2,179,62,1.000,false
grid rate=1000000 rtt=100ms loss=0.1%,NewReno,2,0.919,0.919,143.0,190.9,431.2,143.0,190.9,626,11.2,189,56,1.000,false
grid rate=1000000 rtt=100ms loss=0.1%,NewReno,3,0.918,0.918,143.1,191.0,451.9,143.1,191.0,625,11.2,186,58,1.000,false
grid rate=1000000 rtt=100ms loss=0.1%,Cubic,1,0.953,0.953,171.7,191.1,403.3,171.7,191.1,568,11.2,119,56,1.000,false
grid rate=1000000 rtt=100ms loss=0.1%,Cubic,2,0.954,0.954,171.7,191.0,402.4,171.7,191.0,566,11.2,120,54,1.000,false
grid rate=1000000 rtt=100ms loss=0.1%,Cubic,3,0.954,0.954,162.1,190.9,191.4,162.1,190.9,569,11.2,120,56,1.000,false
grid rate=1000000 rtt=100ms loss=0.1%,Bbr,1,0.913,0.913,114.4,191.1,393.6,114.4,191.1,660,11.4,303,67,1.000,false
grid rate=1000000 rtt=100ms loss=0.1%,Bbr,2,0.916,0.916,114.3,190.9,398.7,114.3,190.9,657,11.5,311,59,1.000,false
grid rate=1000000 rtt=100ms loss=0.1%,Bbr,3,0.912,0.912,114.4,191.8,338.5,114.4,191.4,663,11.3,306,64,1.000,false
grid rate=1000000 rtt=100ms loss=0.1%,Copa,1,0.947,0.947,133.4,191.4,325.6,133.4,191.4,636,11.2,114,47,1.000,false
grid rate=1000000 rtt=100ms loss=0.1%,Copa,2,0.948,0.948,133.4,191.0,308.2,133.4,191.0,634,11.2,113,41,1.000,false
grid rate=1000000 rtt=100ms loss=0.1%,Copa,3,0.947,0.947,133.4,181.4,326.1,133.4,162.3,638,11.2,98,45,1.000,false
grid rate=1000000 rtt=100ms loss=0.1%,CopaMeta,1,0.911,0.911,190.9,459.0,478.1,190.9,459.0,550,12.1,30608,47,1.000,false
grid rate=1000000 rtt=100ms loss=0.1%,CopaMeta,2,0.904,0.904,190.9,459.0,487.7,190.9,459.0,573,12.1,28490,43,1.000,false
grid rate=1000000 rtt=100ms loss=0.1%,CopaMeta,3,0.902,0.902,191.0,444.5,487.7,191.0,444.5,576,12.1,28270,46,1.000,false
grid rate=1000000 rtt=100ms loss=1%,NewReno,1,0.762,0.762,110.5,277.5,412.6,110.4,283.9,807,11.3,46,560,1.000,false
grid rate=1000000 rtt=100ms loss=1%,NewReno,2,0.748,0.748,109.0,268.0,413.0,109.0,268.0,822,11.3,63,601,1.000,false
grid rate=1000000 rtt=100ms loss=1%,NewReno,3,0.752,0.752,109.6,306.4,422.1,109.5,313.7,815,11.4,56,615,1.000,false
grid rate=1000000 rtt=100ms loss=1%,Cubic,1,0.878,0.878,120.4,341.0,456.9,119.8,341.0,674,11.2,40,549,1.000,false
grid rate=1000000 rtt=100ms loss=1%,Cubic,2,0.873,0.873,124.2,340.5,431.5,124.3,335.1,676,11.4,72,591,1.000,false
grid rate=1000000 rtt=100ms loss=1%,Cubic,3,0.874,0.874,124.0,287.7,421.7,122.9,287.7,682,11.4,52,603,1.000,false
grid rate=1000000 rtt=100ms loss=1%,Bbr,1,0.890,0.890,114.3,317.0,382.1,114.3,317.0,683,11.7,225,579,1.000,false
grid rate=1000000 rtt=100ms loss=1%,Bbr,2,0.892,0.892,114.4,323.1,437.5,114.4,323.1,681,11.9,213,603,1.000,false
grid rate=1000000 rtt=100ms loss=1%,Bbr,3,0.891,0.891,114.6,317.3,385.5,114.6,317.3,683,11.5,224,624,1.000,false
grid rate=1000000 rtt=100ms loss=1%,Copa,1,0.937,0.937,134.3,326.6,427.3,134.3,326.6,622,11.2,78,551,1.000,false
grid rate=1000000 rtt=100ms loss=1%,Copa,2,0.937,0.937,134.3,384.4,423.6,134.3,384.4,613,11.2,215,602,1.000,false
grid rate=1000000 rtt=100ms loss=1%,Copa,3,0.938,0.938,134.0,325.0,488.9,134.0,308.4,620,11.7,159,615,1.000,false
grid rate=1000000 rtt=100ms loss=1%,CopaMeta,1,0.900,0.900,191.4,463.6,505.3,191.4,463.6,569,12.1,30790,457,1.000,false
grid rate=1000000 rtt=100ms loss=1%,CopaMeta,2,0.890,0.890,188.4,457.4,498.2,188.4,457.4,580,12.1,28368,480,1.000,false
grid rate=1000000 rtt=100ms loss=1%,CopaMeta,3,0.899,0.899,191.2,462.9,499.2,191.2,462.9,573,12.1,29800,484,1.000,false
grid rate=1000000 rtt=100ms loss=5%,NewReno,1,0.355,0.355,100.9,329.5,1057.0,100.9,329.5,1751,8.2,0,3259,1.000,false
grid rate=1000000 rtt=100ms loss=5%,NewReno,2,0.350,0.350,100.9,278.4,707.9,100.9,278.4,1800,8.0,0,3230,1.000,false
grid rate=1000000 rtt=100ms loss=5%,NewReno,3,0.345,0.345,100.9,321.2,552.9,100.9,325.7,1815,8.0,0,3272,1.000,false
grid rate=1000000 rtt=100ms loss=5%,Cubic,1,0.406,0.406,101.0,336.3,1572.8,101.0,336.3,1532,8.2,0,3189,1.000,false
grid rate=1000000 rtt=100ms loss=5%,Cubic,2,0.417,0.417,101.9,285.6,622.6,101.9,285.6,1488,8.0,0,3149,1.000,false
grid rate=1000000 rtt=100ms loss=5%,Cubic,3,0.431,0.431,102.1,276.2,456.8,102.1,272.6,1446,8.0,0,3156,1.000,false
grid rate=1000000 rtt=100ms loss=5%,Bbr,1,0.697,0.697,107.1,353.1,522.5,107.0,353.1,870,11.4,77,2899,1.000,false
grid rate=1000000 rtt=100ms loss=5%,Bbr,2,0.714,0.714,108.0,399.1,747.2,107.9,349.7,848,12.0,53,2868,1.000,false
grid rate=1000000 rtt=100ms loss=5%,Bbr,3,0.724,0.724,108.4,485.1,1335.1,108.4,485.1,824,12.0,105,2885,1.000,false
grid rate=1000000 rtt=100ms loss=5%,Copa,1,0.887,0.887,137.3,410.8,939.1,137.2,410.8,617,11.6,26,2733,1.000,false
grid rate=1000000 rtt=100ms loss=5%,Copa,2,0.890,0.890,136.0,380.7,755.2,136.0,359.9,627,11.2,27,2713,1.000,false
grid rate=1000000 rtt=100ms loss=5%,Copa,3,0.889,0.889,137.1,372.2,765.7,137.1,369.8,626,11.2,18,2712,1.000,false
grid rate=1000000 rtt=100ms loss=5%,CopaMeta,1,0.839,0.839,188.0,737.5,1122.2,188.4,737.5,580,12.1,28125,2426,1.000,false
grid rate=1000000 rtt=100ms loss=5%,CopaMeta,2,0.836,0.836,185.9,901.2,1513.9,186.1,901.2,582,12.0,27500,2452,1.000,false
grid rate=1000000 rtt=100ms loss=5%,CopaMeta,3,0.877,0.877,193.5,836.0,950.5,193.7,836.0,548,12.1,36079,2263,1.000,false
grid rate=1000000 rtt=300ms loss=0,NewReno,1,0.926,0.926,439.8,593.1,593.1,439.8,593.1,328,35.9,15,0,1.000,false
grid rate=1000000 rtt=300ms loss=0,NewReno,2,0.926,0.926,439.8,593.1,593.1,439.8,593.1,328,35.9,15,0,1.000,false
grid rate=1000000 rtt=300ms loss=0,NewReno,3,0.926,0.926,439.8,593.1,593.1,439.8,593.1,328,35.9,15,0,1.000,false
grid rate=1000000 rtt=300ms loss=0,Cubic,1,0.941,0.941,526.0,593.1,593.1,535.6,593.1,292,35.9,186,0,1.000,false
grid rate=1000000 rtt=300ms loss=0,Cubic,2,0.941,0.941,526.0,593.1,593.1,535.6,593.1,292,35.9,186,0,1.000,false
grid rate=1000000 rtt=300ms loss=0,Cubic,3,0.941,0.941,526.0,593.1,593.1,535.6,593.1,292,35.9,186,0,1.000,false
grid rate=1000000 rtt=300ms loss=0,Bbr,1,0.894,0.894,310.2,583.5,595.3,310.2,583.5,385,36.0,50,0,1.000,false
grid rate=1000000 rtt=300ms loss=0,Bbr,2,0.894,0.894,310.2,593.0,595.3,310.2,583.5,385,36.0,54,0,1.000,false
grid rate=1000000 rtt=300ms loss=0,Bbr,3,0.894,0.894,310.2,583.5,595.3,310.2,583.5,386,36.0,49,0,1.000,false
grid rate=1000000 rtt=300ms loss=0,Copa,1,0.950,0.950,334.5,392.0,420.7,334.5,363.2,386,16.0,0,0,1.000,false
grid rate=1000000 rtt=300ms loss=0,Copa,2,0.950,0.950,334.5,392.0,420.7,334.5,363.2,386,16.0,0,0,1.000,false
grid rate=1000000 rtt=300ms loss=0,Copa,3,0.950,0.950,334.5,392.0,420.7,334.5,363.2,386,16.0,0,0,1.000,false
grid rate=1000000 rtt=300ms loss=0,CopaMeta,1,0.794,0.794,513.5,593.1,595.7,513.5,593.1,361,36.0,314,0,1.000,false
grid rate=1000000 rtt=300ms loss=0,CopaMeta,2,0.794,0.794,513.5,593.1,595.7,513.5,593.1,361,36.0,314,0,1.000,false
grid rate=1000000 rtt=300ms loss=0,CopaMeta,3,0.794,0.794,513.5,593.1,595.7,513.5,593.1,361,36.0,314,0,1.000,false
grid rate=1000000 rtt=300ms loss=0.1%,NewReno,1,0.847,0.847,324.9,583.5,907.3,324.9,573.9,406,35.9,3,47,1.000,false
grid rate=1000000 rtt=300ms loss=0.1%,NewReno,2,0.899,0.899,382.4,593.1,593.1,382.4,593.1,361,35.9,9,40,1.000,false
grid rate=1000000 rtt=300ms loss=0.1%,NewReno,3,0.840,0.840,319.5,593.1,937.1,319.5,593.1,410,35.9,7,43,1.000,false
grid rate=1000000 rtt=300ms loss=0.1%,Cubic,1,0.941,0.941,478.1,593.2,593.2,478.3,593.2,310,35.9,199,60,1.000,false
grid rate=1000000 rtt=300ms loss=0.1%,Cubic,2,0.945,0.945,487.7,593.3,977.0,487.8,593.3,302,35.9,197,54,1.000,false
grid rate=1000000 rtt=300ms loss=0.1%,Cubic,3,0.933,0.933,459.0,593.1,593.1,459.0,593.1,320,35.9,154,55,1.000,false
grid rate=1000000 rtt=300ms loss=0.1%,Bbr,1,0.888,0.888,310.2,593.1,595.3,310.2,593.1,392,36.0,79,50,1.000,false
grid rate=1000000 rtt=300ms loss=0.1%,Bbr,2,0.890,0.890,310.6,593.0,595.3,310.2,583.5,387,36.0,57,40,1.000,false
grid rate=1000000 rtt=300ms loss=0.1%,Bbr,3,0.888,0.888,310.2,593.1,595.3,310.2,583.5,394,36.0,76,52,1.000,false
grid rate=1000000 rtt=300ms loss=0.1%,Copa,1,0.943,0.943,334.5,401.5,420.7,334.5,392.5,387,16.0,0,46,1.000,false
grid rate=1000000 rtt=300ms loss=0.1%,Copa,2,0.945,0.945,334.6,401.5,759.1,334.6,385.0,386,14.5,0,40,1.000,false
grid rate=1000000 rtt=300ms loss=0.1%,Copa,3,0.944,0.944,334.6,419.9,430.3,334.6,412.5,387,23.3,0,43,1.000,false
grid rate=1000000 rtt=300ms loss=0.1%,CopaMeta,1,0.919,0.919,564.3,595.7,1313.2,564.3,595.7,289,36.1,6819,49,1.000,false
grid rate=1000000 rtt=300ms loss=0.1%,CopaMeta,2,0.919,0.919,554.7,595.7,595.7,554.8,595.7,294,36.1,4435,49,1.000,false
grid rate=1000000 rtt=300ms loss=0.1%,CopaMeta,3,0.843,0.843,532.6,594.8,595.8,532.6,594.8,333,36.1,1865,51,1.000,false
grid rate=1000000 rtt=300ms loss=1%,NewReno,1,0.348,0.348,300.9,621.4,941.2,300.9,622.9,1107,35.7,2,561,1.000,false
grid rate=1000000 rtt=300ms loss=1%,NewReno,2,0.339,0.339,300.9,620.0,672.3,300.9,620.0,1134,8.5,0,594,1.000,false
grid rate=1000000 rtt=300ms loss=1%,NewReno,3,0.306,0.306,300.9,618.9,638.1,300.9,618.9,1260,8.5,0,615,1.000,false
grid rate=1000000 rtt=300ms loss=1%,Cubic,1,0.466,0.466,300.9,616.6,1141.3,300.9,616.6,817,36.2,33,560,1.000,false
grid rate=1000000 rtt=300ms loss=1%,Cubic,2,0.428,0.428,300.9,620.2,631.0,300.9,620.2,895,36.1,19,588,1.000,false
grid rate=1000000 rtt=300ms loss=1%,Cubic,3,0.429,0.429,300.9,627.0,1255.7,300.9,627.0,887,36.1,21,600,1.000,false
grid rate=1000000 rtt=300ms loss=1%,Bbr,1,0.759,0.759,307.3,674.3,1338.7,307.2,674.3,491,36.0,17,522,1.000,false
grid rate=1000000 rtt=300ms loss=1%,Bbr,2,0.760,0.760,307.2,632.9,786.6,307.0,632.9,491,36.1,29,574,1.000,false
grid rate=1000000 rtt=300ms loss=1%,Bbr,3,0.754,0.754,307.5,687.5,1104.4,307.2,687.5,495,36.2,37,573,1.000,false
grid rate=1000000 rtt=300ms loss=1%,Copa,1,0.932,0.932,344.7,729.8,845.5,344.7,729.8,383,22.0,0,497,1.000,false
grid rate=1000000 rtt=300ms loss=1%,Copa,2,0.936,0.936,336.8,734.5,783.8,337.1,734.5,383,17.0,0,525,1.000,false
grid rate=1000000 rtt=300ms loss=1%,Copa,3,0.935,0.935,344.1,742.1,1430.5,344.1,742.1,380,22.3,0,543,1.000,false
grid rate=1000000 rtt=300ms loss=1%,CopaMeta,1,0.906,0.906,555.5,1351.2,1475.7,555.6,1351.2,289,36.3,6981,464,1.000,false
grid rate=1000000 rtt=300ms loss=1%,CopaMeta,2,0.916,0.916,556.1,1289.1,1434.1,564.5,1289.1,285,36.1,7894,490,1.000,false
grid rate=1000000 rtt=300ms loss=1%,CopaMeta,3,0.910,0.910,555.3,1292.0,1370.2,555.8,1292.0,292,36.1,6509,495,1.000,false
grid rate=1000000 rtt=300ms loss=5%,NewReno,1,0.125,0.125,300.9,634.7,1923.8,300.9,634.1,2933,34.8,2,3523,1.000,false
grid rate=1000000 rtt=300ms loss=5%,NewReno,2,0.125,0.125,300.9,632.6,1303.9,300.9,632.6,2901,7.5,0,3494,1.000,false
grid rate=1000000 rtt=300ms loss=5%,NewReno,3,0.129,0.129,300.9,907.6,1572.6,300.9,907.3,2837,34.9,1,3542,1.000,false
grid rate=1000000 rtt=300ms loss=5%,Cubic,1,0.164,0.164,300.9,672.7,1573.6,300.9,672.7,2213,34.8,2,3346,1.000,false
grid rate=1000000 rtt=300ms loss=5%,Cubic,2,0.152,0.152,300.9,630.5,1301.2,300.9,630.3,2402,7.5,0,3332,1.000,false
grid rate=1000000 rtt=300ms loss=5%,Cubic,3,0.163,0.163,300.9,634.8,1545.5,300.9,634.8,2222,34.9,1,3350,1.000,false
grid rate=1000000 rtt=300ms loss=5%,Bbr,1,0.306,0.306,300.9,942.6,1922.4,300.9,942.6,1186,35.4,10,2953,1.000,false
grid rate=1000000 rtt=300ms loss=5%,Bbr,2,0.310,0.310,300.9,912.8,1288.1,300.9,912.8,1166,36.0,11,2925,1.000,false
grid rate=1000000 rtt=300ms loss=5%,Bbr,3,0.314,0.314,300.9,646.6,1557.2,300.9,646.6,1159,35.5,9,2928,1.000,false
grid rate=1000000 rtt=300ms loss=5%,Copa,1,0.889,0.889,342.6,1122.7,2040.4,343.4,1122.7,373,16.5,0,2416,1.000,false
grid rate=1000000 rtt=300ms loss=5%,Copa,2,0.886,0.886,339.7,869.2,1377.9,340.8,869.2,381,18.5,0,2415,1.000,false
grid rate=1000000 rtt=300ms loss=5%,Copa,3,0.882,0.882,339.9,857.4,1166.9,339.9,853.0,388,22.2,0,2375,1.000,false
grid rate=1000000 rtt=300ms loss=5%,CopaMeta,1,0.858,0.858,565.4,1930.7,2529.1,566.1,1930.7,283,36.3,7054,2356,1.000,false
grid rate=1000000 rtt=300ms loss=5%,CopaMeta,2,0.820,0.820,547.5,2009.3,2106.1,548.5,2018.4,302,36.4,6828,2358,1.000,false
grid rate=1000000 rtt=300ms loss=5%,CopaMeta,3,0.834,0.834,557.2,1978.1,2373.7,558.3,1978.1,300,36.3,7907,2275,1.000,false
grid rate=10000000 rtt=20ms loss=0,NewReno,1,9.413,0.941,30.6,39.2,39.2,30.6,39.2,515,23.5,94,0,1.000,false
grid rate=10000000 rtt=20ms loss=0,NewReno,2,9.413,0.941,30.6,39.2,39.2,30.6,39.2,515,23.5,94,0,1.000,false
grid rate=10000000 rtt=20ms loss=0,NewReno,3,9.413,0.941,30.6,39.2,39.2,30.6,39.2,515,23.5,94,0,1.000,false
grid rate=10000000 rtt=20ms loss=0,Cubic,1,9.548,0.955,34.4,39.2,39.2,34.4,39.2,469,23.6,70,0,1.000,false
grid rate=10000000 rtt=20ms loss=0,Cubic,2,9.548,0.955,34.4,39.2,39.2,34.4,39.2,469,23.6,70,0,1.000,false
grid rate=10000000 rtt=20ms loss=0,Cubic,3,9.548,0.955,34.4,39.2,39.2,34.4,39.2,469,23.6,70,0,1.000,false
grid rate=10000000 rtt=20ms loss=0,Bbr,1,9.300,0.930,20.4,39.3,39.3,20.4,39.3,593,23.7,120,0,1.000,false
grid rate=10000000 rtt=20ms loss=0,Bbr,2,9.300,0.930,20.4,39.3,39.3,20.4,39.3,593,23.7,120,0,1.000,false
grid rate=10000000 rtt=20ms loss=0,Bbr,3,9.299,0.930,20.4,39.3,39.3,20.4,39.3,594,23.7,120,0,1.000,false
grid rate=10000000 rtt=20ms loss=0,Copa,1,9.524,0.952,22.9,26.7,35.4,22.9,24.8,591,20.1,0,0,1.000,false
grid rate=10000000 rtt=20ms loss=0,Copa,2,9.524,0.952,22.9,26.7,35.4,22.9,24.8,591,20.1,0,0,1.000,false
grid rate=10000000 rtt=20ms loss=0,Copa,3,9.524,0.952,22.9,26.7,35.4,22.9,24.8,591,20.1,0,0,1.000,false
grid rate=10000000 rtt=20ms loss=0,CopaMeta,1,9.321,0.932,37.1,40.0,40.0,37.3,40.0,469,24.3,10442,0,1.000,false
grid rate=10000000 rtt=20ms loss=0,CopaMeta,2,9.321,0.932,37.1,40.0,40.0,37.3,40.0,469,24.3,10442,0,1.000,false
grid rate=10000000 rtt=20ms loss=0,CopaMeta,3,9.311,0.931,37.0,40.0,40.0,36.3,40.0,471,24.3,10431,0,1.000,false
grid rate=10000000 rtt=20ms loss=0.1%,NewReno,1,8.980,0.898,25.8,39.2,85.1,26.8,39.2,567,23.5,65,66,1.000,false
grid rate=10000000 rtt=20ms loss=0.1%,NewReno,2,8.926,0.893,25.8,39.2,50.0,25.8,39.2,575,23.5,64,59,1.000,false
grid rate=10000000 rtt=20ms loss=0.1%,NewReno,3,8.807,0.881,24.8,39.2,88.1,24.8,39.2,587,23.5,70,67,1.000,false
grid rate=10000000 rtt=20ms loss=0.1%,Cubic,1,9.457,0.946,30.6,39.2,39.2,30.6,39.2,508,23.6,72,70,1.000,false
grid rate=10000000 rtt=20ms loss=0.1%,Cubic,2,9.498,0.950,30.6,39.2,82.4,30.6,39.2,503,23.6,68,59,1.000,false
grid rate=10000000 rtt=20ms loss=0.1%,Cubic,3,9.478,0.948,31.5,39.2,95.0,31.5,39.2,498,23.6,72,67,1.000,false
grid rate=10000000 rtt=20ms loss=0.1%,Bbr,1,9.198,0.920,20.6,39.4,48.2,20.6,39.4,600,24.0,139,74,1.000,false
grid rate=10000000 rtt=20ms loss=0.1%,Bbr,2,9.224,0.922,20.8,39.3,45.6,20.8,39.3,599,24.3,132,65,1.000,false
grid rate=10000000 rtt=20ms loss=0.1%,Bbr,3,9.181,0.918,20.8,39.4,85.3,20.7,39.4,600,23.7,148,70,1.000,false
grid rate=10000000 rtt=20ms loss=0.1%,Copa,1,9.511,0.951,22.9,36.3,47.9,22.9,37.3,584,23.5,15,56,1.000,false
grid rate=10000000 rtt=20ms loss=0.1%,Copa,2,9.515,0.952,22.9,27.7,35.4,22.9,24.8,594,20.1,0,53,1.000,false
grid rate=10000000 rtt=20ms loss=0.1%,Copa,3,9.509,0.951,22.9,30.4,48.9,22.9,24.8,594,20.1,0,56,1.000,false
grid rate=10000000 rtt=20ms loss=0.1%,CopaMeta,1,9.343,0.934,39.0,40.0,80.1,39.2,40.0,457,24.3,10276,64,1.000,false
grid rate=10000000 rtt=20ms loss=0.1%,CopaMeta,2,9.260,0.926,37.1,40.0,105.1,37.3,40.0,471,24.3,10502,59,1.000,false
grid rate=10000000 rtt=20ms loss=0.1%,CopaMeta,3,9.305,0.930,36.3,40.0,81.4,36.3,40.0,471,24.3,10411,63,1.000,false
grid rate=10000000 rtt=20ms loss=1%,NewReno,1,5.108,0.511,20.2,43.3,99.1,20.2,43.3,1154,23.1,25,726,1.000,false
grid rate=10000000 rtt=20ms loss=1%,NewReno,2,5.127,0.513,20.2,42.7,129.0,20.2,42.7,1147,23.3,25,742,1.000,false
grid rate=10000000 rtt=20ms loss=1%,NewReno,3,4.795,0.479,20.1,43.4,64.8,20.1,43.4,1235,12.2,0,765,1.000,false
grid rate=10000000 rtt=20ms loss=1%,Cubic,1,5.713,0.571,20.3,42.7,58.5,20.3,42.7,1035,23.5,36,725,1.000,false
grid rate=10000000 rtt=20ms loss=1%,Cubic,2,5.435,0.544,20.3,42.5,47.2,20.2,42.5,1089,23.6,43,759,1.000,false
grid rate=10000000 rtt=20ms loss=1%,Cubic,3,5.467,0.547,20.3,43.0,91.2,20.2,42.6,1081,15.3,0,746,1.000,false
grid rate=10000000 rtt=20ms loss=1%,Bbr,1,8.748,0.875,20.8,62.7,77.4,20.8,60.1,642,23.8,100,695,1.000,false
grid rate=10000000 rtt=20ms loss=1%,Bbr,2,8.606,0.861,20.8,57.8,115.6,20.7,57.8,649,24.0,112,707,1.000,false
grid rate=10000000 rtt=20ms loss=1%,Bbr,3,8.531,0.853,20.7,56.5,66.0,20.7,56.5,668,24.2,105,746,1.000,false
grid rate=10000000 rtt=20ms loss=1%,Copa,1,9.396,0.940,23.0,51.8,57.6,23.0,51.6,590,20.1,0,652,1.000,false
grid rate=10000000 rtt=20ms loss=1%,Copa,2,9.386,0.939,22.9,50.6,54.2,23.0,50.8,595,20.1,0,688,1.000,false
grid rate=10000000 rtt=20ms loss=1%,Copa,3,9.358,0.936,23.0,49.9,79.7,23.0,49.9,593,23.2,3,701,1.000,false
grid rate=10000000 rtt=20ms loss=1%,CopaMeta,1,9.169,0.917,39.2,89.2,186.5,39.3,81.0,452,24.3,9485,578,1.000,false
grid rate=10000000 rtt=20ms loss=1%,CopaMeta,2,8.957,0.896,36.4,87.8,99.8,36.4,88.2,483,24.3,9339,602,1.000,false
grid rate=10000000 rtt=20ms loss=1%,CopaMeta,3,8.970,0.897,37.3,95.7,103.8,37.3,95.7,480,24.3,9934,622,1.000,false
grid rate=10000000 rtt=20ms loss=5%,NewReno,1,1.889,0.189,20.1,61.3,111.7,20.1,61.4,3001,2.3,0,4186,1.000,false
grid rate=10000000 rtt=20ms loss=5%,NewReno,2,1.865,0.186,20.1,62.7,152.5,20.1,62.8,3052,3.7,0,4161,1.000,false
grid rate=10000000 rtt=20ms loss=5%,NewReno,3,1.801,0.180,20.1,58.1,129.3,20.1,43.7,3172,2.3,0,4297,1.000,false
grid rate=10000000 rtt=20ms loss=5%,Cubic,1,2.235,0.223,20.1,43.7,107.6,20.1,43.7,2543,2.3,0,4064,1.000,false
grid rate=10000000 rtt=20ms loss=5%,Cubic,2,2.193,0.219,20.1,43.7,111.0,20.1,43.7,2606,3.7,0,4051,1.000,false
grid rate=10000000 rtt=20ms loss=5%,Cubic,3,2.273,0.227,20.1,43.9,177.4,20.1,44.1,2501,2.3,0,4127,1.000,false
grid rate=10000000 rtt=20ms loss=5%,Bbr,1,4.313,0.431,20.2,44.3,110.7,20.1,44.3,1313,23.2,20,3558,1.000,false
grid rate=10000000 rtt=20ms loss=5%,Bbr,2,5.039,0.504,20.4,63.6,204.0,20.3,63.6,1110,23.4,50,3430,1.000,false
grid rate=10000000 rtt=20ms loss=5%,Bbr,3,5.140,0.514,20.3,63.1,178.1,20.3,62.5,1097,23.3,14,3515,1.000,false
grid rate=10000000 rtt=20ms loss=5%,Copa,1,8.792,0.879,23.6,57.9,108.8,23.6,56.3,595,22.8,2,3095,1.000,false
grid rate=10000000 rtt=20ms loss=5%,Copa,2,8.691,0.869,23.7,77.2,116.2,23.7,78.2,595,23.2,12,3098,1.000,false
grid rate=10000000 rtt=20ms loss=5%,Copa,3,8.765,0.876,23.7,102.1,134.0,23.8,102.5,576,23.1,5,3120,1.000,false
grid rate=10000000 rtt=20ms loss=5%,CopaMeta,1,8.373,0.837,38.7,158.8,325.7,38.9,158.8,469,24.3,10800,2890,1.000,false
grid rate=10000000 rtt=20ms loss=5%,CopaMeta,2,8.587,0.859,39.3,103.5,208.1,39.4,130.8,453,24.3,10009,2868,1.000,false
grid rate=10000000 rtt=20ms loss=5%,CopaMeta,3,8.475,0.847,38.8,161.6,727.5,39.0,161.6,450,24.2,10856,2876,1.000,false
grid rate=10000000 rtt=100ms loss=0,NewReno,1,9.264,0.926,137.0,199.3,199.4,144.7,199.3,160,121.4,52,0,1.000,false
grid rate=10000000 rtt=100ms loss=0,NewReno,2,9.264,0.926,137.0,199.3,199.4,144.7,199.3,160,121.4,52,0,1.000,false
grid rate=10000000 rtt=100ms loss=0,NewReno,3,9.264,0.926,137.0,199.3,199.4,144.7,199.3,160,121.4,52,0,1.000,false
grid rate=10000000 rtt=100ms loss=0,Cubic,1,9.224,0.922,170.5,199.3,199.4,174.4,199.3,139,121.4,68,0,1.000,false
grid rate=10000000 rtt=100ms loss=0,Cubic,2,9.224,0.922,170.5,199.3,199.4,174.4,199.3,139,121.4,68,0,1.000,false
grid rate=10000000 rtt=100ms loss=0,Cubic,3,9.224,0.922,170.5,199.3,199.4,174.4,199.3,139,121.4,68,0,1.000,false
grid rate=10000000 rtt=100ms loss=0,Bbr,1,9.035,0.904,100.7,185.1,199.3,100.7,183.1,203,121.4,38,0,1.000,false
grid rate=10000000 rtt=100ms loss=0,Bbr,2,9.031,0.903,100.8,189.9,199.3,100.8,188.9,203,121.4,38,0,1.000,false
grid rate=10000000 rtt=100ms loss=0,Bbr,3,9.034,0.903,100.7,188.9,199.3,100.7,185.1,203,121.4,38,0,1.000,false
grid rate=10000000 rtt=100ms loss=0,Copa,1,9.135,0.913,103.3,150.4,155.3,103.3,105.3,209,67.6,0,0,1.000,false
grid rate=10000000 rtt=100ms loss=0,Copa,2,9.135,0.913,103.3,150.4,155.3,103.3,105.3,209,67.6,0,0,1.000,false
grid rate=10000000 rtt=100ms loss=0,Copa,3,9.135,0.913,103.3,150.4,155.3,103.3,105.3,209,67.6,0,0,1.000,false
grid rate=10000000 rtt=100ms loss=0,CopaMeta,1,9.201,0.920,130.2,199.3,199.4,131.2,156.2,171,121.4,285,0,1.000,false
grid rate=10000000 rtt=100ms loss=0,CopaMeta,2,9.201,0.920,130.2,199.3,199.4,131.2,156.2,171,121.4,285,0,1.000,false
grid rate=10000000 rtt=100ms loss=0,CopaMeta,3,9.201,0.920,130.2,199.3,199.4,131.2,156.2,171,121.4,285,0,1.000,false
grid rate=10000000 rtt=100ms loss=0.1%,NewReno,1,3.856,0.386,100.1,111.0,201.7,100.1,101.0,508,121.4,50,69,1.000,false
grid rate=10000000 rtt=100ms loss=0.1%,NewReno,2,3.462,0.346,100.1,108.1,201.9,100.1,101.0,569,120.3,14,53,1.000,false
grid rate=10000000 rtt=100ms loss=0.1%,NewReno,3,3.194,0.319,100.1,112.5,202.0,100.1,101.0,614,121.4,50,67,1.000,false
grid rate=10000000 rtt=100ms loss=0.1%,Cubic,1,5.069,0.507,100.1,180.1,201.8,100.1,175.3,373,121.4,57,69,1.000,false
grid rate=10000000 rtt=100ms loss=0.1%,Cubic,2,5.618,0.562,100.4,180.1,203.0,100.3,126.5,333,120.3,14,52,1.000,false
grid rate=10000000 rtt=100ms loss=0.1%,Cubic,3,4.612,0.461,100.1,180.1,201.6,100.1,101.9,418,121.4,57,68,1.000,false
grid rate=10000000 rtt=100ms loss=0.1%,Bbr,1,8.851,0.885,100.7,189.9,250.1,100.7,189.9,212,121.4,38,50,1.000,false
grid rate=10000000 rtt=100ms loss=0.1%,Bbr,2,8.774,0.877,100.7,192.6,199.3,100.7,192.6,208,121.3,65,52,1.000,false
grid rate=10000000 rtt=100ms loss=0.1%,Bbr,3,8.948,0.895,100.7,190.8,199.3,100.7,185.1,206,121.4,38,54,1.000,false
grid rate=10000000 rtt=100ms loss=0.1%,Copa,1,9.187,0.919,103.4,150.4,155.3,103.4,112.0,207,67.6,0,50,1.000,false
grid rate=10000000 rtt=100ms loss=0.1%,Copa,2,9.107,0.911,103.3,150.4,155.3,103.4,111.0,209,67.6,0,52,1.000,false
grid rate=10000000 rtt=100ms loss=0.1%,Copa,3,9.008,0.901,103.4,150.4,155.3,103.4,141.8,208,67.8,0,54,1.000,false
grid rate=10000000 rtt=100ms loss=0.1%,CopaMeta,1,9.191,0.919,131.2,199.3,199.4,132.2,158.1,171,121.4,285,78,1.000,false
grid rate=10000000 rtt=100ms loss=0.1%,CopaMeta,2,9.164,0.916,129.3,199.4,328.1,131.2,156.2,170,121.5,470,71,1.000,false
grid rate=10000000 rtt=100ms loss=0.1%,CopaMeta,3,9.195,0.919,130.2,199.3,199.4,131.3,157.1,171,121.4,285,76,1.000,false
grid rate=10000000 rtt=100ms loss=1%,NewReno,1,0.992,0.099,100.1,201.3,202.3,100.1,201.3,1955,2.3,0,736,1.000,false
grid rate=10000000 rtt=100ms loss=1%,NewReno,2,0.969,0.097,100.1,201.2,301.4,100.1,201.2,2007,2.2,0,772,1.000,false
grid rate=10000000 rtt=100ms loss=1%,NewReno,3,1.004,0.100,100.1,201.5,352.3,100.1,201.5,1924,2.2,0,794,1.000,false
grid rate=10000000 rtt=100ms loss=1%,Cubic,1,1.197,0.120,100.1,201.5,403.7,100.1,201.6,1622,2.2,0,727,1.000,false
grid rate=10000000 rtt=100ms loss=1%,Cubic,2,1.178,0.118,100.1,201.4,403.9,100.1,201.4,1647,2.2,0,731,1.000,false
grid rate=10000000 rtt=100ms loss=1%,Cubic,3,1.226,0.123,100.1,201.5,404.9,100.1,201.5,1587,2.2,0,759,1.000,false
grid rate=10000000 rtt=100ms loss=1%,Bbr,1,8.206,0.821,100.5,204.7,359.1,100.5,209.3,231,121.4,19,582,1.000,false
grid rate=10000000 rtt=100ms loss=1%,Bbr,2,8.425,0.843,100.6,237.4,258.9,100.6,248.5,219,121.3,85,607,1.000,false
grid rate=10000000 rtt=100ms loss=1%,Bbr,3,8.165,0.817,100.6,173.6,202.3,100.5,155.4,237,120.9,57,627,1.000,false
grid rate=10000000 rtt=100ms loss=1%,Copa,1,8.952,0.895,104.3,212.6,214.5,104.3,212.6,205,120.8,2,567,1.000,false
grid rate=10000000 rtt=100ms loss=1%,Copa,2,8.984,0.898,104.3,213.6,215.5,104.3,213.6,206,36.0,0,590,1.000,false
grid rate=10000000 rtt=100ms loss=1%,Copa,3,9.017,0.902,104.3,217.4,352.3,104.3,122.8,209,66.2,0,595,1.000,false
grid rate=10000000 rtt=100ms loss=1%,CopaMeta,1,8.837,0.884,131.2,353.6,485.9,131.2,294.9,172,121.5,491,569,1.000,false
grid rate=10000000 rtt=100ms loss=1%,CopaMeta,2,8.931,0.893,130.2,174.3,187.9,130.3,156.2,178,114.6,0,582,1.000,false
grid rate=10000000 rtt=100ms loss=1%,CopaMeta,3,8.977,0.898,129.3,323.7,352.3,130.3,316.2,168,121.4,478,617,1.000,false
grid rate=10000000 rtt=100ms loss=5%,NewReno,1,0.379,0.038,100.1,202.6,817.8,100.1,202.4,4747,2.3,0,4570,1.000,false
grid rate=10000000 rtt=100ms loss=5%,NewReno,2,0.380,0.038,100.1,212.8,813.7,100.1,202.9,4721,2.3,0,4525,1.000,false
grid rate=10000000 rtt=100ms loss=5%,NewReno,3,0.386,0.039,100.1,203.5,813.7,100.1,203.5,4643,2.3,0,4632,1.000,false
grid rate=10000000 rtt=100ms loss=5%,Cubic,1,0.456,0.046,100.1,203.1,507.4,100.1,202.9,3957,2.3,0,4373,1.000,false
grid rate=10000000 rtt=100ms loss=5%,Cubic,2,0.469,0.047,100.1,202.4,814.5,100.1,202.4,3818,2.3,0,4298,1.000,false
grid rate=10000000 rtt=100ms loss=5%,Cubic,3,0.447,0.045,100.1,202.8,507.3,100.1,202.8,4001,2.3,0,4489,1.000,false
grid rate=10000000 rtt=100ms loss=5%,Bbr,1,1.361,0.136,100.1,203.0,814.9,100.1,203.0,1319,36.7,0,3389,1.000,false
grid rate=10000000 rtt=100ms loss=5%,Bbr,2,1.233,0.123,100.1,288.2,505.1,100.1,202.9,1466,3.5,0,3416,1.000,false
grid rate=10000000 rtt=100ms loss=5%,Bbr,3,1.388,0.139,100.1,302.4,406.4,100.1,301.4,1292,66.3,0,3397,1.000,false
grid rate=10000000 rtt=100ms loss=5%,Copa,1,7.150,0.715,104.5,462.4,619.7,104.6,462.4,230,69.1,0,2741,1.000,false
grid rate=10000000 rtt=100ms loss=5%,Copa,2,8.184,0.818,104.5,425.9,2083.8,104.5,425.9,195,120.8,6,2727,1.000,false
grid rate=10000000 rtt=100ms loss=5%,Copa,3,7.500,0.750,104.8,306.5,692.7,105.4,515.2,220,69.2,0,2721,1.000,false
grid rate=10000000 rtt=100ms loss=5%,CopaMeta,1,6.647,0.665,125.5,434.9,1309.0,129.7,483.1,211,120.9,77,2766,1.000,false
grid rate=10000000 rtt=100ms loss=5%,CopaMeta,2,7.051,0.705,131.4,477.7,805.2,137.1,419.8,192,121.4,527,2737,1.000,false
grid rate=10000000 rtt=100ms loss=5%,CopaMeta,3,7.051,0.705,136.1,701.6,744.4,140.0,701.6,190,121.2,579,2753,1.000,false
grid rate=10000000 rtt=300ms loss=0,NewReno,1,8.617,0.862,341.1,599.1,599.1,345.0,598.9,78,365.9,433,0,1.000,false
grid rate=10000000 rtt=300ms loss=0,NewReno,2,8.617,0.862,341.1,599.1,599.1,345.0,598.9,78,365.9,433,0,1.000,false
grid rate=10000000 rtt=300ms loss=0,NewReno,3,8.617,0.862,341.1,599.1,599.1,345.0,598.9,78,365.9,433,0,1.000,false
grid rate=10000000 rtt=300ms loss=0,Cubic,1,8.647,0.865,493.5,599.1,599.1,539.5,598.9,59,365.9,290,0,1.000,false
grid rate=10000000 rtt=300ms loss=0,Cubic,2,8.647,0.865,493.5,599.1,599.1,539.5,598.9,59,365.9,290,0,1.000,false
grid rate=10000000 rtt=300ms loss=0,Cubic,3,8.647,0.865,493.5,599.1,599.1,539.5,598.9,59,365.9,290,0,1.000,false
grid rate=10000000 rtt=300ms loss=0,Bbr,1,8.232,0.823,300.4,599.1,599.1,300.4,543.4,82,365.2,86,0,1.000,false
grid rate=10000000 rtt=300ms loss=0,Bbr,2,8.234,0.823,300.4,599.1,599.1,300.4,568.3,81,365.2,86,0,1.000,false
grid rate=10000000 rtt=300ms loss=0,Bbr,3,8.232,0.823,300.4,599.1,599.1,300.4,562.5,82,365.2,86,0,1.000,false
grid rate=10000000 rtt=300ms loss=0,Copa,1,8.650,0.865,302.8,364.1,364.1,302.8,309.5,88,81.8,0,0,1.000,false
grid rate=10000000 rtt=300ms loss=0,Copa,2,8.650,0.865,302.8,364.1,364.1,302.8,309.5,88,81.8,0,0,1.000,false
grid rate=10000000 rtt=300ms loss=0,Copa,3,8.650,0.865,302.8,364.1,364.1,302.8,309.5,88,81.8,0,0,1.000,false
grid rate=10000000 rtt=300ms loss=0,CopaMeta,1,8.204,0.820,341.1,599.9,599.9,352.6,599.9,72,366.0,4814,0,1.000,false
grid rate=10000000 rtt=300ms loss=0,CopaMeta,2,8.299,0.830,338.3,599.9,599.9,346.9,599.9,73,366.0,4286,0,1.000,false
grid rate=10000000 rtt=300ms loss=0,CopaMeta,3,8.204,0.820,341.1,599.9,599.9,352.6,599.9,72,366.0,4814,0,1.000,false
grid rate=10000000 rtt=300ms loss=0.1%,NewReno,1,1.508,0.151,300.1,304.7,601.2,300.1,301.0,506,365.9,79,74,1.000,false
grid rate=10000000 rtt=300ms loss=0.1%,NewReno,2,1.368,0.137,300.1,301.0,601.2,300.1,301.0,558,1.9,0,56,1.000,false
grid rate=10000000 rtt=300ms loss=0.1%,NewReno,3,1.150,0.115,300.1,302.1,601.3,300.1,301.0,663,365.9,198,80,1.000,false
grid rate=10000000 rtt=300ms loss=0.1%,Cubic,1,3.014,0.301,300.1,525.3,578.8,300.1,522.3,249,365.9,52,69,1.000,false
grid rate=10000000 rtt=300ms loss=0.1%,Cubic,2,2.528,0.253,300.1,301.0,601.7,300.1,301.0,303,1.8,0,55,1.000,false
grid rate=10000000 rtt=300ms loss=0.1%,Cubic,3,3.095,0.310,300.1,412.1,603.6,300.1,348.8,245,365.9,89,80,1.000,false
grid rate=10000000 rtt=300ms loss=0.1%,Bbr,1,8.241,0.824,300.8,599.5,599.5,300.8,599.5,80,365.5,244,74,1.000,false
grid rate=10000000 rtt=300ms loss=0.1%,Bbr,2,8.108,0.811,300.7,598.9,598.9,300.7,598.9,83,365.0,444,70,1.000,false
grid rate=10000000 rtt=300ms loss=0.1%,Bbr,3,8.207,0.821,300.8,599.1,599.1,300.8,564.4,83,365.4,85,71,1.000,false
grid rate=10000000 rtt=300ms loss=0.1%,Copa,1,8.549,0.855,302.8,385.9,385.9,303.8,306.6,89,165.0,0,56,1.000,false
grid rate=10000000 rtt=300ms loss=0.1%,Copa,2,8.433,0.843,302.8,425.4,425.4,302.8,425.4,90,195.3,0,54,1.000,false
grid rate=10000000 rtt=300ms loss=0.1%,Copa,3,8.641,0.864,302.8,364.1,364.1,302.8,309.5,88,81.8,0,56,1.000,false
grid rate=10000000 rtt=300ms loss=0.1%,CopaMeta,1,7.899,0.790,327.7,582.7,582.7,330.6,582.7,85,365.0,1331,78,1.000,false
grid rate=10000000 rtt=300ms loss=0.1%,CopaMeta,2,8.346,0.835,327.7,586.5,586.5,331.5,536.7,82,357.1,0,54,1.000,false
grid rate=10000000 rtt=300ms loss=0.1%,CopaMeta,3,7.994,0.799,327.1,577.4,577.4,328.7,577.4,84,365.0,2302,72,1.000,false
grid rate=10000000 rtt=300ms loss=1%,NewReno,1,0.332,0.033,300.1,601.2,1203.4,300.1,601.2,2264,1.8,0,782,1.000,false
grid rate=10000000 rtt=300ms loss=1%,NewReno,2,0.347,0.035,300.1,601.4,1612.8,300.1,601.4,2157,2.2,0,798,1.000,false
grid rate=10000000 rtt=300ms loss=1%,NewReno,3,0.346,0.035,300.1,601.2,1203.4,300.1,601.2,2178,2.3,0,834,1.000,false
grid rate=10000000 rtt=300ms loss=1%,Cubic,1,0.472,0.047,300.1,601.3,601.6,300.1,601.3,1593,2.2,0,742,1.000,false
grid rate=10000000 rtt=300ms loss=1%,Cubic,2,0.478,0.048,300.1,601.5,792.2,300.1,601.5,1557,2.2,0,764,1.000,false
grid rate=10000000 rtt=300ms loss=1%,Cubic,3,0.446,0.045,300.1,601.5,902.7,300.1,601.5,1680,2.2,0,805,1.000,false
grid rate=10000000 rtt=300ms loss=1%,Bbr,1,6.046,0.605,300.8,1116.2,1167.5,301.8,1167.5,106,365.0,16,542,1.000,false
grid rate=10000000 rtt=300ms loss=1%,Bbr,2,6.802,0.680,300.5,640.7,680.1,300.6,680.1,104,365.0,11,564,1.000,false
grid rate=10000000 rtt=300ms loss=1%,Bbr,3,6.893,0.689,300.6,538.0,566.4,300.6,538.0,108,365.0,197,592,1.000,false
grid rate=10000000 rtt=300ms loss=1%,Copa,1,7.886,0.789,303.6,648.9,648.9,303.8,648.9,94,155.3,0,537,1.000,false
grid rate=10000000 rtt=300ms loss=1%,Copa,2,7.796,0.780,303.6,644.1,644.1,303.8,644.1,94,195.8,0,562,1.000,false
grid rate=10000000 rtt=300ms loss=1%,Copa,3,7.191,0.719,303.5,767.6,767.6,310.5,767.6,99,207.9,0,576,1.000,false
grid rate=10000000 rtt=300ms loss=1%,CopaMeta,1,7.673,0.767,322.7,1477.8,1477.8,328.6,1477.8,84,365.0,94,528,1.000,false
grid rate=10000000 rtt=300ms loss=1%,CopaMeta,2,7.164,0.716,323.9,1059.5,1059.5,332.5,1059.5,93,365.0,56,574,1.000,false
grid rate=10000000 rtt=300ms loss=1%,CopaMeta,3,7.744,0.774,325.8,710.4,710.4,333.5,710.4,88,142.7,0,574,1.000,false
grid rate=10000000 rtt=300ms loss=5%,NewReno,1,0.128,0.013,300.1,619.6,1872.2,300.1,602.7,5424,2.2,0,4860,1.000,false
grid rate=10000000 rtt=300ms loss=5%,NewReno,2,0.128,0.013,300.1,602.4,1507.2,300.1,602.4,5386,2.2,0,4812,1.000,false
grid rate=10000000 rtt=300ms loss=5%,NewReno,3,0.122,0.012,300.1,902.0,2169.4,300.1,902.0,5666,2.3,0,4999,1.000,false
grid rate=10000000 rtt=300ms loss=5%,Cubic,1,0.158,0.016,300.1,602.2,1805.4,300.1,602.1,4403,2.3,0,4621,1.000,false
grid rate=10000000 rtt=300ms loss=5%,Cubic,2,0.158,0.016,300.1,602.2,1869.4,300.1,602.1,4388,2.2,0,4569,1.000,false
grid rate=10000000 rtt=300ms loss=5%,Cubic,3,0.158,0.016,300.1,901.3,2169.5,300.1,901.3,4381,2.2,0,4716,1.000,false
grid rate=10000000 rtt=300ms loss=5%,Bbr,1,0.376,0.038,300.1,903.1,1266.2,300.1,903.0,1827,3.5,0,3714,1.000,false
grid rate=10000000 rtt=300ms loss=5%,Bbr,2,0.399,0.040,300.1,603.5,1505.3,300.1,603.5,1737,12.3,0,3666,1.000,false
grid rate=10000000 rtt=300ms loss=5%,Bbr,3,0.364,0.036,300.1,635.3,1503.4,300.1,602.5,1905,4.2,0,3816,1.000,false
grid rate=10000000 rtt=300ms loss=5%,Copa,1,5.271,0.527,303.2,796.5,1051.1,303.9,740.8,127,195.9,0,2821,1.000,false
grid rate=10000000 rtt=300ms loss=5%,Copa,2,4.064,0.406,301.7,1052.3,2018.4,302.6,724.3,165,191.8,0,2832,1.000,false
grid rate=10000000 rtt=300ms loss=5%,Copa,3,3.298,0.330,300.1,1364.8,1475.9,300.1,1364.8,189,149.7,0,2877,1.000,false
grid rate=10000000 rtt=300ms loss=5%,CopaMeta,1,4.026,0.403,301.9,955.4,1051.1,303.7,832.3,162,288.3,0,2855,1.000,false
grid rate=10000000 rtt=300ms loss=5%,CopaMeta,2,3.807,0.381,300.8,1052.3,1316.4,301.7,983.5,164,287.8,0,2832,1.000,false
grid rate=10000000 rtt=300ms loss=5%,CopaMeta,3,4.433,0.443,300.1,1401.3,1442.2,302.9,1401.3,147,283.4,0,2837,1.000,false
grid rate=100000000 rtt=20ms loss=0,NewReno,1,93.332,0.933,28.4,39.9,40.0,36.4,40.0,240,243.9,114,0,1.000,false
grid rate=100000000 rtt=20ms loss=0,NewReno,2,93.332,0.933,28.4,39.9,40.0,36.4,40.0,240,243.9,114,0,1.000,false
grid rate=100000000 rtt=20ms loss=0,NewReno,3,93.332,0.933,28.4,39.9,40.0,36.4,40.0,240,243.9,114,0,1.000,false
grid rate=100000000 rtt=20ms loss=0,Cubic,1,93.230,0.932,32.1,37.7,40.0,36.0,37.7,218,243.9,154,0,1.000,false
grid rate=100000000 rtt=20ms loss=0,Cubic,2,93.230,0.932,32.1,37.7,40.0,36.0,37.7,218,243.9,154,0,1.000,false
grid rate=100000000 rtt=20ms loss=0,Cubic,3,93.230,0.932,32.1,37.7,40.0,36.0,37.7,218,243.9,154,0,1.000,false
grid rate=100000000 rtt=20ms loss=0,Bbr,1,91.515,0.915,20.1,35.8,40.0,20.0,33.1,328,243.7,78,0,1.000,false
grid rate=100000000 rtt=20ms loss=0,Bbr,2,91.515,0.915,20.1,35.8,40.0,20.0,32.8,328,243.7,78,0,1.000,false
grid rate=100000000 rtt=20ms loss=0,Bbr,3,91.515,0.915,20.1,35.8,40.0,20.0,32.9,328,243.7,78,0,1.000,false
grid rate=100000000 rtt=20ms loss=0,Copa,1,86.343,0.863,20.5,40.0,98.9,20.3,21.6,273,243.9,14104,0,1.000,false
grid rate=100000000 rtt=20ms loss=0,Copa,2,86.343,0.863,20.5,40.0,98.9,20.3,21.6,273,243.9,14104,0,1.000,false
grid rate=100000000 rtt=20ms loss=0,Copa,3,86.343,0.863,20.5,40.0,98.9,20.3,21.6,273,243.9,14104,0,1.000,false
grid rate=100000000 rtt=20ms loss=0,CopaMeta,1,92.401,0.924,23.4,40.0,40.0,22.5,25.0,293,243.9,1205,0,1.000,false
grid rate=100000000 rtt=20ms loss=0,CopaMeta,2,92.401,0.924,23.4,40.0,40.0,22.5,25.0,293,243.9,1205,0,1.000,false
grid rate=100000000 rtt=20ms loss=0,CopaMeta,3,92.401,0.924,23.4,40.0,40.0,22.5,25.0,293,243.9,1205,0,1.000,false
grid rate=100000000 rtt=20ms loss=0.1%,NewReno,1,19.927,0.199,20.0,23.2,41.0,20.0,20.1,1563,243.0,95,232,1.000,false
grid rate=100000000 rtt=20ms loss=0.1%,NewReno,2,17.124,0.171,20.0,20.1,41.0,20.0,20.1,1826,52.6,0,184,1.000,false
grid rate=100000000 rtt=20ms loss=0.1%,NewReno,3,18.861,0.189,20.0,20.1,41.0,20.0,20.1,1655,243.9,112,223,1.000,false
grid rate=100000000 rtt=20ms loss=0.1%,Cubic,1,21.504,0.215,20.0,24.2,41.1,20.0,20.1,1446,243.0,95,233,1.000,false
grid rate=100000000 rtt=20ms loss=0.1%,Cubic,2,20.251,0.203,20.0,20.1,41.0,20.0,20.1,1543,52.6,0,171,1.000,false
grid rate=100000000 rtt=20ms loss=0.1%,Cubic,3,20.704,0.207,20.0,20.2,41.1,20.0,20.1,1503,243.9,155,223,1.000,false
grid rate=100000000 rtt=20ms loss=0.1%,Bbr,1,84.669,0.847,20.1,40.0,41.2,20.1,37.0,347,243.7,213,223,1.000,false
grid rate=100000000 rtt=20ms loss=0.1%,Bbr,2,88.402,0.884,20.1,36.0,45.4,20.1,34.4,344,243.0,128,216,1.000,false
grid rate=100000000 rtt=20ms loss=0.1%,Bbr,3,85.063,0.851,20.1,35.5,40.0,20.1,33.4,353,243.7,78,197,1.000,false
grid rate=100000000 rtt=20ms loss=0.1%,Copa,1,82.826,0.828,23.7,103.6,108.9,20.9,40.0,257,244.0,18003,200,1.000,false
grid rate=100000000 rtt=20ms loss=0.1%,Copa,2,87.686,0.877,20.4,40.0,101.7,20.3,20.7,289,244.0,11117,202,1.000,false
grid rate=100000000 rtt=20ms loss=0.1%,Copa,3,82.635,0.826,37.6,105.6,108.1,38.9,104.4,214,244.0,21265,159,1.000,false
grid rate=100000000 rtt=20ms loss=0.1%,CopaMeta,1,92.494,0.925,23.4,40.0,40.0,23.4,25.0,292,243.9,1188,216,1.000,false
grid rate=100000000 rtt=20ms loss=0.1%,CopaMeta,2,92.314,0.923,23.0,40.0,54.2,22.1,24.7,290,243.9,1214,214,1.000,false
grid rate=100000000 rtt=20ms loss=0.1%,CopaMeta,3,92.776,0.928,23.6,39.3,91.2,23.7,24.8,292,243.9,1246,200,1.000,false
grid rate=100000000 rtt=20ms loss=1%,NewReno,1,5.223,0.052,20.0,41.0,83.1,20.0,41.0,5870,5.5,0,2324,1.000,false
grid rate=100000000 rtt=20ms loss=1%,NewReno,2,5.193,0.052,20.0,41.0,41.1,20.0,41.0,5911,4.5,0,2332,1.000,false
grid rate=100000000 rtt=20ms loss=1%,NewReno,3,5.070,0.051,20.0,41.0,83.2,20.0,41.1,6032,2.2,0,2441,1.000,false
grid rate=100000000 rtt=20ms loss=1%,Cubic,1,6.230,0.062,20.0,41.0,41.1,20.0,41.0,4936,7.3,0,2298,1.000,false
grid rate=100000000 rtt=20ms loss=1%,Cubic,2,5.899,0.059,20.0,41.0,83.1,20.0,41.0,5201,4.5,0,2304,1.000,false
grid rate=100000000 rtt=20ms loss=1%,Cubic,3,5.684,0.057,20.0,41.0,83.3,20.0,41.0,5396,2.3,0,2422,1.000,false
grid rate=100000000 rtt=20ms loss=1%,Bbr,1,78.605,0.786,20.1,42.8,58.3,20.1,41.6,376,243.7,65,1643,1.000,false
grid rate=100000000 rtt=20ms loss=1%,Bbr,2,76.897,0.769,20.1,41.2,90.1,20.1,41.2,382,243.8,138,1661,1.000,false
grid rate=100000000 rtt=20ms loss=1%,Bbr,3,75.459,0.755,20.1,29.5,54.1,20.1,20.8,407,242.9,34,1698,1.000,false
grid rate=100000000 rtt=20ms loss=1%,Copa,1,91.052,0.911,20.4,41.7,42.8,20.4,41.7,331,76.2,0,1626,1.000,false
grid rate=100000000 rtt=20ms loss=1%,Copa,2,87.933,0.879,20.4,41.8,41.9,20.4,41.9,340,212.7,0,1631,1.000,false
grid rate=100000000 rtt=20ms loss=1%,Copa,3,85.344,0.853,20.4,54.1,66.9,20.4,41.7,338,116.4,0,1660,1.000,false
grid rate=100000000 rtt=20ms loss=1%,CopaMeta,1,90.453,0.905,22.9,30.1,54.6,23.4,49.5,304,177.1,0,1605,1.000,false
grid rate=100000000 rtt=20ms loss=1%,CopaMeta,2,90.571,0.906,22.9,50.8,54.4,23.2,25.4,299,172.7,0,1596,1.000,false
grid rate=100000000 rtt=20ms loss=1%,CopaMeta,3,88.056,0.881,22.9,50.7,52.5,22.9,51.3,309,201.2,0,1633,1.000,false
grid rate=100000000 rtt=20ms loss=5%,NewReno,1,1.930,0.019,20.0,41.1,188.7,20.0,41.1,14602,2.3,0,13693,1.000,false
grid rate=100000000 rtt=20ms loss=5%,NewReno,2,1.926,0.019,20.0,61.0,167.7,20.0,61.0,14625,2.3,0,13593,1.000,false
grid rate=100000000 rtt=20ms loss=5%,NewReno,3,1.889,0.019,20.0,41.1,336.5,20.0,41.1,14943,2.3,0,13894,1.000,false
grid rate=100000000 rtt=20ms loss=5%,Cubic,1,2.319,0.023,20.0,41.1,167.1,20.0,41.1,12205,2.3,0,13060,1.000,false
grid rate=100000000 rtt=20ms loss=5%,Cubic,2,2.324,0.023,20.0,41.1,167.7,20.0,41.1,12120,2.3,0,13004,1.000,false
grid rate=100000000 rtt=20ms loss=5%,Cubic,3,2.299,0.023,20.0,41.1,167.7,20.0,41.1,12253,2.3,0,13238,1.000,false
grid rate=100000000 rtt=20ms loss=5%,Bbr,1,5.342,0.053,20.0,41.2,293.4,20.0,41.2,5255,8.5,0,10635,1.000,false
grid rate=100000000 rtt=20ms loss=5%,Bbr,2,5.417,0.054,20.0,61.0,230.2,20.0,61.0,5176,8.7,0,10604,1.000,false
grid rate=100000000 rtt=20ms loss=5%,Bbr,3,5.687,0.057,20.0,61.0,167.7,20.0,61.0,4917,8.7,0,10665,1.000,false
grid rate=100000000 rtt=20ms loss=5%,Copa,1,64.059,0.641,20.5,64.6,170.9,20.5,51.6,399,243.0,28,7852,1.000,false
grid rate=100000000 rtt=20ms loss=5%,Copa,2,63.856,0.639,20.5,60.6,109.4,20.5,56.1,411,212.2,0,7835,1.000,false
grid rate=100000000 rtt=20ms loss=5%,Copa,3,69.757,0.698,20.6,68.7,126.5,20.5,80.7,358,242.7,5,8076,1.000,false
grid rate=100000000 rtt=20ms loss=5%,CopaMeta,1,54.537,0.545,22.9,64.3,105.8,23.5,81.8,438,242.9,11,7922,1.000,false
grid rate=100000000 rtt=20ms loss=5%,CopaMeta,2,55.370,0.554,22.8,60.6,135.4,23.6,61.1,446,199.6,0,7890,1.000,false
grid rate=100000000 rtt=20ms loss=5%,CopaMeta,3,68.597,0.686,23.2,95.6,117.2,23.9,78.6,336,243.0,54,8072,1.000,false
grid rate=100000000 rtt=100ms loss=0,NewReno,1,82.077,0.821,118.4,199.9,199.9,119.9,121.2,70,1219.9,2359,0,1.000,false
grid rate=100000000 rtt=100ms loss=0,NewReno,2,82.077,0.821,118.4,199.9,199.9,119.9,121.2,70,1219.9,2359,0,1.000,false
grid rate=100000000 rtt=100ms loss=0,NewReno,3,82.077,0.821,118.4,199.9,199.9,119.9,121.2,70,1219.9,2359,0,1.000,false
grid rate=100000000 rtt=100ms loss=0,Cubic,1,82.086,0.821,152.0,199.9,199.9,152.0,199.9,56,1219.9,2173,0,1.000,false
grid rate=100000000 rtt=100ms loss=0,Cubic,2,82.086,0.821,152.0,199.9,199.9,152.0,199.9,56,1219.9,2173,0,1.000,false
grid rate=100000000 rtt=100ms loss=0,Cubic,3,82.086,0.821,152.0,199.9,199.9,152.0,199.9,56,1219.9,2173,0,1.000,false
grid rate=100000000 rtt=100ms loss=0,Bbr,1,81.288,0.813,100.1,199.9,199.9,100.1,141.5,79,1219.9,212,0,1.000,false
grid rate=100000000 rtt=100ms loss=0,Bbr,2,81.348,0.813,100.1,199.9,199.9,100.1,165.3,77,1219.9,212,0,1.000,false
grid rate=100000000 rtt=100ms loss=0,Bbr,3,81.339,0.813,100.1,199.9,199.9,100.1,180.2,77,1219.9,212,0,1.000,false
grid rate=100000000 rtt=100ms loss=0,Copa,1,79.495,0.795,100.3,125.1,125.1,100.3,101.1,83,418.5,0,0,1.000,false
grid rate=100000000 rtt=100ms loss=0,Copa,2,79.495,0.795,100.3,125.1,125.1,100.3,101.1,83,418.5,0,0,1.000,false
grid rate=100000000 rtt=100ms loss=0,Copa,3,79.495,0.795,100.3,125.1,125.1,100.3,101.1,83,418.5,0,0,1.000,false
grid rate=100000000 rtt=100ms loss=0,CopaMeta,1,81.581,0.816,102.5,126.0,126.0,102.7,106.9,80,418.4,0,0,1.000,false
grid rate=100000000 rtt=100ms loss=0,CopaMeta,2,81.581,0.816,102.5,126.0,126.0,102.7,106.9,80,418.5,0,0,1.000,false
grid rate=100000000 rtt=100ms loss=0,CopaMeta,3,81.581,0.816,102.5,126.0,126.0,102.7,107.0,80,418.5,0,0,1.000,false
grid rate=100000000 rtt=100ms loss=0.1%,NewReno,1,3.854,0.039,100.0,100.1,201.0,100.0,100.1,1740,3.5,0,172,1.000,false
grid rate=100000000 rtt=100ms loss=0.1%,NewReno,2,3.520,0.035,100.0,100.1,201.0,100.0,100.1,1904,3.5,0,177,1.000,false
grid rate=100000000 rtt=100ms loss=0.1%,NewReno,3,3.792,0.038,100.0,100.1,208.6,100.0,100.1,1769,8.2,0,155,1.000,false
grid rate=100000000 rtt=100ms loss=0.1%,Cubic,1,4.202,0.042,100.0,100.1,201.0,100.0,100.1,1596,3.5,0,188,1.000,false
grid rate=100000000 rtt=100ms loss=0.1%,Cubic,2,3.925,0.039,100.0,100.1,201.0,100.0,100.1,1709,3.5,0,177,1.000,false
grid rate=100000000 rtt=100ms loss=0.1%,Cubic,3,4.901,0.049,100.0,100.1,208.6,100.0,100.1,1368,8.2,0,152,1.000,false
grid rate=100000000 rtt=100ms loss=0.1%,Bbr,1,75.530,0.755,100.0,269.6,269.6,100.0,269.6,83,1219.5,241,184,1.000,false
grid rate=100000000 rtt=100ms loss=0.1%,Bbr,2,78.358,0.784,100.1,280.8,280.8,100.1,280.8,81,1219.9,218,184,1.000,false
grid rate=100000000 rtt=100ms loss=0.1%,Bbr,3,75.634,0.756,100.1,198.1,198.1,100.1,198.1,77,1219.5,820,162,1.000,false
grid rate=100000000 rtt=100ms loss=0.1%,Copa,1,70.688,0.707,139.5,477.0,477.0,157.0,477.0,66,1220.3,16323,178,1.000,false
grid rate=100000000 rtt=100ms loss=0.1%,Copa,2,75.346,0.753,150.3,199.9,199.9,180.3,199.9,61,1220.6,14257,171,1.000,false
grid rate=100000000 rtt=100ms loss=0.1%,Copa,3,77.176,0.772,100.5,171.1,171.1,100.7,112.0,83,903.7,0,145,1.000,false
grid rate=100000000 rtt=100ms loss=0.1%,CopaMeta,1,73.029,0.730,102.8,195.9,195.9,102.4,114.8,83,1219.5,1307,189,1.000,false
grid rate=100000000 rtt=100ms loss=0.1%,CopaMeta,2,69.976,0.700,118.6,532.1,532.1,123.1,532.1,69,1220.6,8490,176,1.000,false
grid rate=100000000 rtt=100ms loss=0.1%,CopaMeta,3,76.599,0.766,110.5,170.8,170.8,110.5,142.4,80,899.9,0,145,1.000,false
grid rate=100000000 rtt=100ms loss=1%,NewReno,1,1.040,0.010,100.0,201.0,403.3,100.0,201.0,6322,2.2,0,2353,1.000,false
grid rate=100000000 rtt=100ms loss=1%,NewReno,2,1.042,0.010,100.0,201.0,403.0,100.0,201.0,6308,2.2,0,2359,1.000,false
grid rate=100000000 rtt=100ms loss=1%,NewReno,3,0.000,0.000,100.0,201.0,403.1,100.0,201.0,6616,1.8,0,2409,0.000,true
grid rate=100000000 rtt=100ms loss=1%,Cubic,1,1.176,0.012,100.0,201.0,302.1,100.0,201.0,5597,2.2,0,2310,1.000,false
grid rate=100000000 rtt=100ms loss=1%,Cubic,2,1.224,0.012,100.0,201.1,403.0,100.0,201.1,5372,2.2,0,2319,1.000,false
grid rate=100000000 rtt=100ms loss=1%,Cubic,3,1.165,0.012,100.0,201.0,201.1,100.0,201.0,5655,2.3,0,2421,1.000,false
grid rate=100000000 rtt=100ms loss=1%,Bbr,1,59.477,0.595,100.1,208.8,220.9,100.1,220.9,101,1219.5,192,1522,1.000,false
grid rate=100000000 rtt=100ms loss=1%,Bbr,2,64.330,0.643,100.1,330.5,330.5,100.1,330.5,98,1219.5,58,1535,1.000,false
grid rate=100000000 rtt=100ms loss=1%,Bbr,3,58.757,0.588,100.1,136.1,168.7,100.1,168.7,111,1219.5,93,1576,1.000,false
grid rate=100000000 rtt=100ms loss=1%,Copa,1,45.096,0.451,100.0,273.0,274.7,103.3,274.7,137,881.8,0,1568,1.000,false
grid rate=100000000 rtt=100ms loss=1%,Copa,2,48.344,0.483,100.4,206.8,346.8,109.8,346.8,119,1220.0,1564,1558,1.000,false
grid rate=100000000 rtt=100ms loss=1%,Copa,3,56.080,0.561,100.1,218.6,253.6,106.7,253.6,113,909.3,0,1574,1.000,false
grid rate=100000000 rtt=100ms loss=1%,CopaMeta,1,47.369,0.474,100.8,292.0,303.9,105.9,303.9,127,1037.3,0,1539,1.000,false
grid rate=100000000 rtt=100ms loss=1%,CopaMeta,2,48.451,0.485,101.0,206.8,352.7,109.4,352.7,118,1219.5,554,1558,1.000,false
grid rate=100000000 rtt=100ms loss=1%,CopaMeta,3,52.373,0.524,100.0,151.3,151.7,105.0,151.7,119,990.1,0,1583,1.000,false
grid rate=100000000 rtt=100ms loss=5%,NewReno,1,0.000,0.000,100.0,201.1,806.7,100.0,201.1,6060,2.3,0,5354,0.000,true
grid rate=100000000 rtt=100ms loss=5%,NewReno,2,0.000,0.000,100.0,201.1,807.1,100.0,201.1,6078,2.3,0,5264,0.000,true
grid rate=100000000 rtt=100ms loss=5%,NewReno,3,0.000,0.000,100.0,301.0,807.7,100.0,301.0,6076,2.2,0,5412,0.000,true
grid rate=100000000 rtt=100ms loss=5%,Cubic,1,0.000,0.000,100.0,201.1,807.7,100.0,201.1,6074,2.2,0,6117,0.000,true
grid rate=100000000 rtt=100ms loss=5%,Cubic,2,0.000,0.000,100.0,301.0,807.7,100.0,301.0,6052,2.2,0,6245,0.000,true
grid rate=100000000 rtt=100ms loss=5%,Cubic,3,0.000,0.000,100.0,201.1,807.7,100.0,201.1,6067,2.2,0,6138,0.000,true
grid rate=100000000 rtt=100ms loss=5%,Bbr,1,1.149,0.011,100.0,201.2,807.1,100.0,201.2,5251,3.5,0,10563,1.000,false
grid rate=100000000 rtt=100ms loss=5%,Bbr,2,1.072,0.011,100.0,301.0,807.1,100.0,301.0,5627,3.5,0,10630,1.000,false
grid rate=100000000 rtt=100ms loss=5%,Bbr,3,1.139,0.011,100.0,201.1,807.1,100.0,201.1,5322,4.2,0,10779,1.000,false
grid rate=100000000 rtt=100ms loss=5%,Copa,1,24.004,0.240,100.0,245.7,403.1,100.0,245.7,249,727.4,0,7804,1.000,false
grid rate=100000000 rtt=100ms loss=5%,Copa,2,21.475,0.215,100.0,234.2,263.5,100.0,230.8,284,641.0,0,7822,1.000,false
grid rate=100000000 rtt=100ms loss=5%,Copa,3,19.223,0.192,100.0,237.6,403.1,100.0,403.0,316,634.9,0,8111,1.000,false
grid rate=100000000 rtt=100ms loss=5%,CopaMeta,1,24.196,0.242,100.0,234.2,403.1,100.0,234.2,249,715.7,0,7817,1.000,false
grid rate=100000000 rtt=100ms loss=5%,CopaMeta,2,21.706,0.217,100.0,233.3,433.0,100.0,227.4,284,607.0,0,7818,1.000,false
grid rate=100000000 rtt=100ms loss=5%,CopaMeta,3,18.839,0.188,100.0,349.9,403.1,100.0,403.0,316,611.6,0,8098,1.000,false
grid rate=100000000 rtt=300ms loss=0,NewReno,1,61.852,0.619,304.0,600.0,600.0,315.7,600.0,39,3661.8,2249,0,1.000,false
grid rate=100000000 rtt=300ms loss=0,NewReno,2,61.852,0.619,304.0,600.0,600.0,315.7,600.0,39,3661.8,2249,0,1.000,false
grid rate=100000000 rtt=300ms loss=0,NewReno,3,61.852,0.619,304.0,600.0,600.0,315.7,600.0,39,3661.8,2249,0,1.000,false
grid rate=100000000 rtt=300ms loss=0,Cubic,1,62.309,0.623,300.2,600.0,600.0,484.1,600.0,33,3661.8,2479,0,1.000,false
grid rate=100000000 rtt=300ms loss=0,Cubic,2,62.309,0.623,300.2,600.0,600.0,484.1,600.0,33,3661.8,2479,0,1.000,false
grid rate=100000000 rtt=300ms loss=0,Cubic,3,62.309,0.623,300.2,600.0,600.0,484.1,600.0,33,3661.8,2479,0,1.000,false
grid rate=100000000 rtt=300ms loss=0,Bbr,1,62.781,0.628,300.1,600.0,600.0,300.1,570.0,38,3661.8,2043,0,1.000,false
grid rate=100000000 rtt=300ms loss=0,Bbr,2,62.740,0.627,300.1,600.0,600.0,300.1,570.0,39,3661.8,2043,0,1.000,false
grid rate=100000000 rtt=300ms loss=0,Bbr,3,62.786,0.628,300.1,600.0,600.0,300.1,570.0,38,3661.8,2043,0,1.000,false
grid rate=100000000 rtt=300ms loss=0,Copa,1,49.627,0.496,300.0,499.9,499.9,302.8,499.9,46,2440.5,0,0,1.000,false
grid rate=100000000 rtt=300ms loss=0,Copa,2,49.627,0.496,300.0,499.9,499.9,302.8,499.9,46,2440.5,0,0,1.000,false
grid rate=100000000 rtt=300ms loss=0,Copa,3,49.627,0.496,300.0,499.9,499.9,302.8,499.9,46,2440.5,0,0,1.000,false
grid rate=100000000 rtt=300ms loss=0,CopaMeta,1,54.467,0.545,300.1,498.2,498.2,406.7,498.2,42,2438.2,0,0,1.000,false
grid rate=100000000 rtt=300ms loss=0,CopaMeta,2,54.467,0.545,300.1,498.2,498.2,406.7,498.2,42,2438.2,0,0,1.000,false
grid rate=100000000 rtt=300ms loss=0,CopaMeta,3,54.467,0.545,300.1,498.2,498.2,406.7,498.2,42,2438.2,0,0,1.000,false
grid rate=100000000 rtt=300ms loss=0.1%,NewReno,1,1.166,0.012,300.0,300.1,601.0,300.0,300.1,2224,1.8,0,216,1.000,false
grid rate=100000000 rtt=300ms loss=0.1%,NewReno,2,1.227,0.012,300.0,300.0,601.0,300.0,300.0,2113,1.8,0,207,1.000,false
grid rate=100000000 rtt=300ms loss=0.1%,NewReno,3,1.176,0.012,300.0,300.0,625.4,300.0,300.0,2203,1.8,0,205,1.000,false
grid rate=100000000 rtt=300ms loss=0.1%,Cubic,1,2.659,0.027,300.0,300.1,601.0,300.0,300.1,974,1.8,0,200,1.000,false
grid rate=100000000 rtt=300ms loss=0.1%,Cubic,2,2.962,0.030,300.0,300.1,300.2,300.0,300.1,878,2.2,0,191,1.000,false
grid rate=100000000 rtt=300ms loss=0.1%,Cubic,3,2.609,0.026,300.0,300.1,625.4,300.0,300.1,994,1.8,0,185,1.000,false
grid rate=100000000 rtt=300ms loss=0.1%,Bbr,1,42.456,0.425,300.0,594.8,594.8,300.1,594.8,56,3660.9,860,191,1.000,false
grid rate=100000000 rtt=300ms loss=0.1%,Bbr,2,48.051,0.481,300.0,599.9,599.9,300.0,599.9,51,3661.0,1848,185,1.000,false
grid rate=100000000 rtt=300ms loss=0.1%,Bbr,3,54.530,0.545,300.0,581.6,581.6,300.1,581.6,47,3660.9,532,161,1.000,false
grid rate=100000000 rtt=300ms loss=0.1%,Copa,1,42.580,0.426,300.0,539.1,539.1,307.4,539.1,55,3202.6,0,191,1.000,false
grid rate=100000000 rtt=300ms loss=0.1%,Copa,2,50.829,0.508,300.0,586.6,586.6,363.9,586.6,45,3660.9,230,185,1.000,false
grid rate=100000000 rtt=300ms loss=0.1%,Copa,3,47.936,0.479,300.0,390.0,390.0,300.2,390.0,54,1229.4,0,161,1.000,false
grid rate=100000000 rtt=300ms loss=0.1%,CopaMeta,1,50.551,0.506,300.1,545.1,545.1,335.5,545.1,46,3660.9,475,190,1.000,false
grid rate=100000000 rtt=300ms loss=0.1%,CopaMeta,2,50.891,0.509,300.0,586.6,586.6,360.3,586.6,45,3660.9,189,185,1.000,false
grid rate=100000000 rtt=300ms loss=0.1%,CopaMeta,3,45.988,0.460,300.0,389.9,389.9,300.0,389.9,55,1919.9,0,163,1.000,false
grid rate=100000000 rtt=300ms loss=1%,NewReno,1,0.000,0.000,300.0,601.0,1203.0,300.0,601.0,2541,1.8,0,936,0.000,true
grid rate=100000000 rtt=300ms loss=1%,NewReno,2,0.000,0.000,300.0,601.0,902.1,300.0,601.0,2572,1.8,0,896,0.000,true
grid rate=100000000 rtt=300ms loss=1%,NewReno,3,0.000,0.000,300.0,601.0,1203.0,300.0,601.0,2564,1.9,0,930,0.000,true
grid rate=100000000 rtt=300ms loss=1%,Cubic,1,0.000,0.000,300.0,601.0,901.0,300.0,601.0,2556,1.8,0,1246,0.000,true
grid rate=100000000 rtt=300ms loss=1%,Cubic,2,0.000,0.000,300.0,601.0,604.6,300.0,601.0,2567,2.0,0,1204,0.000,true
grid rate=100000000 rtt=300ms loss=1%,Cubic,3,0.000,0.000,300.0,601.0,601.1,300.0,601.0,2570,1.8,0,1192,0.000,true
grid rate=100000000 rtt=300ms loss=1%,Bbr,1,29.519,0.295,300.0,601.0,601.0,300.0,601.0,83,2872.7,0,1779,1.000,false
grid rate=100000000 rtt=300ms loss=1%,Bbr,2,27.519,0.275,300.0,830.3,830.3,300.0,830.3,89,2947.5,0,1772,1.000,false
grid rate=100000000 rtt=300ms loss=1%,Bbr,3,30.587,0.306,300.0,601.0,601.0,300.0,601.0,79,3040.5,0,1832,1.000,false
grid rate=100000000 rtt=300ms loss=1%,Copa,1,38.603,0.386,300.0,403.4,403.4,300.0,403.4,67,1356.3,0,1773,1.000,false
grid rate=100000000 rtt=300ms loss=1%,Copa,2,29.734,0.297,300.0,711.7,711.7,300.0,711.7,86,1268.3,0,1764,1.000,false
grid rate=100000000 rtt=300ms loss=1%,Copa,3,26.581,0.266,300.0,603.8,603.8,300.0,603.8,96,1299.4,0,1832,1.000,false
grid rate=100000000 rtt=300ms loss=1%,CopaMeta,1,36.512,0.365,300.0,627.2,627.2,302.0,627.2,67,2701.6,0,1772,1.000,false
grid rate=100000000 rtt=300ms loss=1%,CopaMeta,2,28.752,0.288,300.0,419.0,419.0,300.0,419.0,90,1538.4,0,1766,1.000,false
grid rate=100000000 rtt=300ms loss=1%,CopaMeta,3,29.235,0.292,300.0,670.3,670.3,300.0,670.3,87,1768.9,0,1830,1.000,false
grid rate=100000000 rtt=300ms loss=5%,NewReno,1,0.000,0.000,300.0,901.0,1504.1,300.0,901.0,2333,1.2,0,2035,0.000,true
grid rate=100000000 rtt=300ms loss=5%,NewReno,2,0.000,0.000,300.0,901.0,1504.3,300.0,901.0,2347,1.8,0,2051,0.000,true
grid rate=100000000 rtt=300ms loss=5%,NewReno,3,0.000,0.000,300.0,901.0,1804.1,300.0,901.0,2340,2.1,0,2000,0.000,true
grid rate=100000000 rtt=300ms loss=5%,Cubic,1,0.000,0.000,300.0,608.1,1504.1,300.0,601.1,2321,2.1,0,2383,0.000,true
grid rate=100000000 rtt=300ms loss=5%,Cubic,2,0.000,0.000,300.0,902.1,2535.3,300.0,901.0,2333,2.2,0,2366,0.000,true
grid rate=100000000 rtt=300ms loss=5%,Cubic,3,0.000,0.000,300.0,901.0,1869.3,300.0,901.0,2321,1.8,0,2292,0.000,true
grid rate=100000000 rtt=300ms loss=5%,Bbr,1,0.000,0.000,300.0,901.0,1504.1,300.0,901.0,2351,3.5,0,5050,0.000,true
grid rate=100000000 rtt=300ms loss=5%,Bbr,2,0.000,0.000,300.0,901.0,2535.1,300.0,901.0,2327,4.2,0,4266,0.000,true
grid rate=100000000 rtt=300ms loss=5%,Bbr,3,0.000,0.000,300.0,901.0,1503.1,300.0,901.0,2313,4.2,0,4157,0.000,true
grid rate=100000000 rtt=300ms loss=5%,Copa,1,9.449,0.094,300.0,639.3,1205.8,300.0,639.3,249,968.0,0,8938,1.000,false
grid rate=100000000 rtt=300ms loss=5%,Copa,2,7.910,0.079,300.0,1202.1,1203.2,300.0,1202.1,292,9.2,0,8905,1.000,false
grid rate=100000000 rtt=300ms loss=5%,Copa,3,10.099,0.101,300.0,901.0,902.2,300.0,901.0,227,9.0,0,9135,1.000,false
grid rate=100000000 rtt=300ms loss=5%,CopaMeta,1,9.542,0.095,300.0,902.1,1261.7,300.0,902.1,244,741.5,0,8941,1.000,false
grid rate=100000000 rtt=300ms loss=5%,CopaMeta,2,7.910,0.079,300.0,1202.1,1203.2,300.0,1202.1,292,9.2,0,8905,1.000,false
grid rate=100000000 rtt=300ms loss=5%,CopaMeta,3,10.099,0.101,300.0,901.0,902.2,300.0,901.0,227,9.0,0,9135,1.000,false
buffer=0.25xBDP rate=10M rtt=100ms,NewReno,1,8.229,0.823,100.9,124.5,124.5,100.9,124.5,230,30.0,104,0,1.000,false
buffer=0.25xBDP rate=10M rtt=100ms,NewReno,2,8.229,0.823,100.9,124.5,124.5,100.9,124.5,230,30.0,104,0,1.000,false
buffer=0.25xBDP rate=10M rtt=100ms,NewReno,3,8.229,0.823,100.9,124.5,124.5,100.9,124.5,230,30.0,104,0,1.000,false
buffer=0.25xBDP rate=10M rtt=100ms,Cubic,1,9.036,0.904,104.3,124.5,124.5,106.2,124.5,207,30.0,135,0,1.000,false
buffer=0.25xBDP rate=10M rtt=100ms,Cubic,2,9.036,0.904,104.3,124.5,124.5,106.2,124.5,207,30.0,135,0,1.000,false
buffer=0.25xBDP rate=10M rtt=100ms,Cubic,3,9.036,0.904,104.3,124.5,124.5,106.2,124.5,207,30.0,135,0,1.000,false
buffer=0.25xBDP rate=10M rtt=100ms,Bbr,1,8.975,0.897,100.8,124.6,124.7,100.8,124.7,217,30.2,93,0,1.000,false
buffer=0.25xBDP rate=10M rtt=100ms,Bbr,2,8.971,0.897,100.7,124.6,124.7,100.7,124.7,217,30.2,88,0,1.000,false
buffer=0.25xBDP rate=10M rtt=100ms,Bbr,3,8.958,0.896,100.8,124.7,124.7,100.8,124.7,217,30.2,93,0,1.000,false
buffer=0.25xBDP rate=10M rtt=100ms,Copa,1,7.691,0.769,105.5,124.8,124.8,105.5,124.8,238,30.4,5654,0,1.000,false
buffer=0.25xBDP rate=10M rtt=100ms,Copa,2,7.417,0.742,108.4,124.8,124.8,109.1,124.8,245,30.3,6214,0,1.000,false
buffer=0.25xBDP rate=10M rtt=100ms,Copa,3,7.417,0.742,108.4,124.8,124.8,109.1,124.8,245,30.3,6214,0,1.000,false
buffer=0.25xBDP rate=10M rtt=100ms,CopaMeta,1,5.776,0.578,109.4,124.8,124.8,109.4,124.8,311,30.3,20302,0,1.000,false
buffer=0.25xBDP rate=10M rtt=100ms,CopaMeta,2,5.745,0.574,109.4,124.7,124.8,109.4,124.7,313,30.3,20723,0,1.000,false
buffer=0.25xBDP rate=10M rtt=100ms,CopaMeta,3,5.776,0.578,109.4,124.8,124.8,109.4,124.8,311,30.3,20302,0,1.000,false
buffer=4xBDP rate=10M rtt=100ms,NewReno,1,9.329,0.933,245.3,245.4,245.4,245.3,245.3,101,177.6,0,0,1.000,false
buffer=4xBDP rate=10M rtt=100ms,NewReno,2,9.329,0.933,245.3,245.4,245.4,245.3,245.3,101,177.6,0,0,1.000,false
buffer=4xBDP rate=10M rtt=100ms,NewReno,3,9.329,0.933,245.3,245.4,245.4,245.3,245.3,101,177.6,0,0,1.000,false
buffer=4xBDP rate=10M rtt=100ms,Cubic,1,9.329,0.933,245.3,245.4,245.4,245.3,245.3,101,177.6,0,0,1.000,false
buffer=4xBDP rate=10M rtt=100ms,Cubic,2,9.329,0.933,245.3,245.4,245.4,245.3,245.3,101,177.6,0,0,1.000,false
buffer=4xBDP rate=10M rtt=100ms,Cubic,3,9.329,0.933,245.3,245.4,245.4,245.3,245.3,101,177.6,0,0,1.000,false
buffer=4xBDP rate=10M rtt=100ms,Bbr,1,9.092,0.909,100.7,217.5,217.6,100.7,185.1,199,143.7,0,0,1.000,false
buffer=4xBDP rate=10M rtt=100ms,Bbr,2,9.090,0.909,100.8,217.5,217.6,100.8,186.0,200,143.7,0,0,1.000,false
buffer=4xBDP rate=10M rtt=100ms,Bbr,3,9.091,0.909,100.7,217.5,217.6,100.7,187.9,201,143.7,0,0,1.000,false
buffer=4xBDP rate=10M rtt=100ms,Copa,1,9.135,0.913,103.3,150.4,155.3,103.3,105.3,209,67.6,0,0,1.000,false
buffer=4xBDP rate=10M rtt=100ms,Copa,2,9.135,0.913,103.3,150.4,155.3,103.3,105.3,209,67.6,0,0,1.000,false
buffer=4xBDP rate=10M rtt=100ms,Copa,3,9.135,0.913,103.3,150.4,155.3,103.3,105.3,209,67.6,0,0,1.000,false
buffer=4xBDP rate=10M rtt=100ms,CopaMeta,1,9.259,0.926,131.2,245.4,245.4,132.1,158.1,168,177.6,0,0,1.000,false
buffer=4xBDP rate=10M rtt=100ms,CopaMeta,2,9.259,0.926,131.2,245.4,245.4,132.1,158.1,168,177.6,0,0,1.000,false
buffer=4xBDP rate=10M rtt=100ms,CopaMeta,3,9.259,0.926,131.2,245.4,245.4,132.1,158.1,168,177.6,0,0,1.000,false
buffer=16xBDP rate=10M rtt=100ms,NewReno,1,9.329,0.933,245.3,245.4,245.4,245.3,245.3,101,177.6,0,0,1.000,false
buffer=16xBDP rate=10M rtt=100ms,NewReno,2,9.329,0.933,245.3,245.4,245.4,245.3,245.3,101,177.6,0,0,1.000,false
buffer=16xBDP rate=10M rtt=100ms,NewReno,3,9.329,0.933,245.3,245.4,245.4,245.3,245.3,101,177.6,0,0,1.000,false
buffer=16xBDP rate=10M rtt=100ms,Cubic,1,9.329,0.933,245.3,245.4,245.4,245.3,245.3,101,177.6,0,0,1.000,false
buffer=16xBDP rate=10M rtt=100ms,Cubic,2,9.329,0.933,245.3,245.4,245.4,245.3,245.3,101,177.6,0,0,1.000,false
buffer=16xBDP rate=10M rtt=100ms,Cubic,3,9.329,0.933,245.3,245.4,245.4,245.3,245.3,101,177.6,0,0,1.000,false
buffer=16xBDP rate=10M rtt=100ms,Bbr,1,9.091,0.909,100.7,217.5,217.6,100.7,188.9,200,143.7,0,0,1.000,false
buffer=16xBDP rate=10M rtt=100ms,Bbr,2,9.092,0.909,100.7,217.5,217.6,100.7,190.8,200,143.7,0,0,1.000,false
buffer=16xBDP rate=10M rtt=100ms,Bbr,3,9.089,0.909,100.7,217.5,217.6,100.7,184.1,201,143.7,0,0,1.000,false
buffer=16xBDP rate=10M rtt=100ms,Copa,1,9.135,0.913,103.3,150.4,155.3,103.3,105.3,209,67.6,0,0,1.000,false
buffer=16xBDP rate=10M rtt=100ms,Copa,2,9.135,0.913,103.3,150.4,155.3,103.3,105.3,209,67.6,0,0,1.000,false
buffer=16xBDP rate=10M rtt=100ms,Copa,3,9.135,0.913,103.3,150.4,155.3,103.3,105.3,209,67.6,0,0,1.000,false
buffer=16xBDP rate=10M rtt=100ms,CopaMeta,1,9.259,0.926,131.2,245.4,245.4,132.1,158.1,168,177.6,0,0,1.000,false
buffer=16xBDP rate=10M rtt=100ms,CopaMeta,2,9.259,0.926,131.2,245.4,245.4,132.1,158.1,168,177.6,0,0,1.000,false
buffer=16xBDP rate=10M rtt=100ms,CopaMeta,3,9.259,0.926,131.2,245.4,245.4,132.1,158.1,168,177.6,0,0,1.000,false
reorder jitter=8ms rate=10M rtt=20ms,NewReno,1,0.960,0.096,20.3,28.0,29.4,20.3,28.0,6310,2.3,0,0,1.000,false
reorder jitter=8ms rate=10M rtt=20ms,NewReno,2,0.964,0.096,20.3,28.0,29.6,20.3,28.0,6292,2.3,0,0,1.000,false
reorder jitter=8ms rate=10M rtt=20ms,NewReno,3,0.963,0.096,20.1,28.0,29.6,20.1,28.0,6311,2.3,0,0,1.000,false
reorder jitter=8ms rate=10M rtt=20ms,Cubic,1,0.993,0.099,20.1,28.0,29.0,20.1,28.0,6117,2.3,0,0,1.000,false
reorder jitter=8ms rate=10M rtt=20ms,Cubic,2,1.001,0.100,20.1,28.0,29.0,20.0,28.0,6066,2.3,0,0,1.000,false
reorder jitter=8ms rate=10M rtt=20ms,Cubic,3,0.990,0.099,20.1,28.0,29.5,20.1,28.0,6135,2.3,0,0,1.000,false
reorder jitter=8ms rate=10M rtt=20ms,Bbr,1,1.319,0.132,20.3,28.0,29.5,20.2,28.0,4583,6.7,0,0,1.000,false
reorder jitter=8ms rate=10M rtt=20ms,Bbr,2,1.338,0.134,20.1,28.0,29.4,20.1,28.0,4529,5.5,0,0,1.000,false
reorder jitter=8ms rate=10M rtt=20ms,Bbr,3,1.338,0.134,20.2,28.0,29.7,20.2,28.0,4532,9.1,0,0,1.000,false
reorder jitter=8ms rate=10M rtt=20ms,Copa,1,2.551,0.255,20.9,29.7,32.1,21.0,29.7,2329,8.7,0,0,1.000,false
reorder jitter=8ms rate=10M rtt=20ms,Copa,2,2.544,0.254,20.7,29.7,31.6,20.7,29.7,2352,7.9,0,0,1.000,false
reorder jitter=8ms rate=10M rtt=20ms,Copa,3,2.551,0.255,20.9,29.7,32.9,20.9,29.7,2333,8.5,0,0,1.000,false
reorder jitter=8ms rate=10M rtt=20ms,CopaMeta,1,3.780,0.378,36.6,46.4,105.4,36.7,46.3,1130,24.3,23041,0,1.000,false
reorder jitter=8ms rate=10M rtt=20ms,CopaMeta,2,3.795,0.380,36.6,46.7,93.0,36.7,46.7,1121,24.3,21264,0,1.000,false
reorder jitter=8ms rate=10M rtt=20ms,CopaMeta,3,3.802,0.380,37.1,47.0,101.9,37.2,47.0,1112,24.3,20040,0,1.000,false
burst loss rate=10M rtt=100ms,NewReno,1,2.333,0.233,100.1,149.5,6802.4,100.1,101.0,730,120.3,48,689,1.000,false
burst loss rate=10M rtt=100ms,NewReno,2,2.117,0.212,100.1,110.3,2141.5,100.1,101.0,895,120.3,17,547,1.000,false
burst loss rate=10M rtt=100ms,NewReno,3,2.226,0.223,100.1,201.3,4806.4,100.1,201.3,796,2.2,0,435,1.000,false
burst loss rate=10M rtt=100ms,Cubic,1,2.911,0.291,100.1,139.0,809.6,100.1,101.0,664,120.9,55,664,1.000,false
burst loss rate=10M rtt=100ms,Cubic,2,2.510,0.251,100.1,180.1,6136.4,100.1,101.0,702,120.3,17,605,1.000,false
burst loss rate=10M rtt=100ms,Cubic,3,2.929,0.293,100.1,406.8,4882.6,100.1,403.7,596,2.2,0,503,1.000,false
burst loss rate=10M rtt=100ms,Bbr,1,8.191,0.819,100.7,2666.5,5556.4,100.7,2157.0,148,121.1,104,680,1.000,false
burst loss rate=10M rtt=100ms,Bbr,2,8.507,0.851,100.6,2335.2,3974.7,100.5,1999.0,155,121.3,76,626,1.000,false
burst loss rate=10M rtt=100ms,Bbr,3,8.099,0.810,100.6,187.9,2144.9,100.6,187.9,213,120.9,60,570,1.000,false
burst loss rate=10M rtt=100ms,Copa,1,8.861,0.886,103.6,152.3,2198.9,103.4,142.9,196,91.8,0,505,1.000,false
burst loss rate=10M rtt=100ms,Copa,2,9.065,0.906,104.3,149.5,596.1,104.3,113.2,205,72.5,0,569,1.000,false
burst loss rate=10M rtt=100ms,Copa,3,9.009,0.901,104.3,152.3,159.2,103.6,145.6,206,72.3,0,459,1.000,false
burst loss rate=10M rtt=100ms,CopaMeta,1,9.122,0.912,128.4,154.3,159.0,129.9,154.3,176,88.7,0,488,1.000,false
burst loss rate=10M rtt=100ms,CopaMeta,2,9.135,0.913,127.4,199.9,1982.2,127.4,152.3,161,121.8,336,671,1.000,false
burst loss rate=10M rtt=100ms,CopaMeta,3,9.073,0.907,128.4,199.4,3353.3,128.4,151.4,154,121.3,287,694,1.000,false
step 10M-2M-10M rtt=100ms,NewReno,1,7.811,0.781,121.5,523.3,1267.8,121.5,523.3,174,121.4,122,0,1.000,false
step 10M-2M-10M rtt=100ms,NewReno,2,7.811,0.781,121.5,523.3,1267.8,121.5,523.3,174,121.4,122,0,1.000,false
step 10M-2M-10M rtt=100ms,NewReno,3,7.811,0.781,121.5,523.3,1267.8,121.5,523.3,174,121.4,122,0,1.000,false
step 10M-2M-10M rtt=100ms,Cubic,1,7.777,0.778,144.7,595.2,595.7,144.7,418.1,176,121.7,141,0,1.000,false
step 10M-2M-10M rtt=100ms,Cubic,2,7.777,0.778,144.7,595.2,595.7,144.7,418.1,176,121.7,141,0,1.000,false
step 10M-2M-10M rtt=100ms,Cubic,3,7.777,0.778,144.7,595.2,595.7,144.7,418.1,176,121.7,141,0,1.000,false
step 10M-2M-10M rtt=100ms,Bbr,1,7.817,0.782,100.7,591.6,1154.7,100.7,260.0,207,121.8,346,0,1.000,false
step 10M-2M-10M rtt=100ms,Bbr,2,7.763,0.776,100.7,591.6,1050.3,100.7,408.8,206,121.8,463,0,1.000,false
step 10M-2M-10M rtt=100ms,Bbr,3,7.769,0.777,100.7,591.6,1234.0,100.7,566.9,206,121.8,431,0,1.000,false
step 10M-2M-10M rtt=100ms,Copa,1,8.028,0.803,103.3,398.9,594.7,103.3,135.5,225,120.8,18,0,1.000,false
step 10M-2M-10M rtt=100ms,Copa,2,8.028,0.803,103.3,398.9,594.7,103.3,135.5,225,120.8,18,0,1.000,false
step 10M-2M-10M rtt=100ms,Copa,3,8.028,0.803,103.3,398.9,594.7,103.3,135.5,225,120.8,18,0,1.000,false
step 10M-2M-10M rtt=100ms,CopaMeta,1,8.143,0.814,132.1,595.7,596.6,132.2,226.5,181,121.8,537,0,1.000,false
step 10M-2M-10M rtt=100ms,CopaMeta,2,8.143,0.814,132.1,595.7,596.6,132.2,226.5,181,121.8,537,0,1.000,false
step 10M-2M-10M rtt=100ms,CopaMeta,3,8.143,0.814,132.1,595.7,596.6,132.2,226.5,181,121.8,537,0,1.000,false
fair 2 flows rate=10M rtt=50ms,NewReno,1,4.696,0.470,75.6,99.5,99.5,75.6,99.5,533,60.5,107,0,1.000,false
fair 2 flows rate=10M rtt=50ms,NewReno,2,4.696,0.470,75.6,99.5,99.5,75.6,99.5,533,60.5,107,0,1.000,false
fair 2 flows rate=10M rtt=50ms,NewReno,3,4.696,0.470,75.6,99.5,99.5,75.6,99.5,533,60.5,107,0,1.000,false
fair 2 flows rate=10M rtt=50ms,Cubic,1,5.361,0.536,89.0,99.5,99.5,89.0,99.5,477,60.5,90,0,0.996,false
fair 2 flows rate=10M rtt=50ms,Cubic,2,5.361,0.536,89.0,99.5,99.5,89.0,99.5,477,60.5,90,0,0.996,false
fair 2 flows rate=10M rtt=50ms,Cubic,3,5.361,0.536,89.0,99.5,99.5,89.0,99.5,477,60.5,90,0,0.996,false
fair 2 flows rate=10M rtt=50ms,Bbr,1,4.630,0.463,84.2,99.5,99.7,81.3,99.5,532,60.6,331,0,0.997,false
fair 2 flows rate=10M rtt=50ms,Bbr,2,4.597,0.460,84.2,99.5,99.7,84.2,99.5,531,60.7,387,0,0.999,false
fair 2 flows rate=10M rtt=50ms,Bbr,3,4.662,0.466,83.2,99.5,99.7,82.3,99.5,529,60.7,361,0,0.998,false
fair 2 flows rate=10M rtt=50ms,Copa,1,4.896,0.490,58.3,98.6,99.5,59.3,99.5,603,60.5,127,0,1.000,false
fair 2 flows rate=10M rtt=50ms,Copa,2,4.896,0.490,58.3,98.6,99.5,59.3,99.5,603,60.5,127,0,1.000,false
fair 2 flows rate=10M rtt=50ms,Copa,3,4.956,0.496,57.5,92.8,99.5,58.3,92.8,623,60.5,67,0,0.999,false
fair 2 flows rate=10M rtt=50ms,CopaMeta,1,4.738,0.474,98.6,99.6,99.8,98.6,99.6,443,60.9,11243,0,0.999,false
fair 2 flows rate=10M rtt=50ms,CopaMeta,2,5.194,0.519,97.6,99.6,99.6,97.6,99.6,449,60.6,9791,0,0.998,false
fair 2 flows rate=10M rtt=50ms,CopaMeta,3,4.738,0.474,98.6,99.6,99.8,98.6,99.6,443,60.9,11243,0,0.999,false
rtt-fair 2 flows 20ms vs 100ms rate=10M,NewReno,1,8.396,0.840,21.9,39.2,39.2,21.4,39.2,1315,23.5,148,0,0.893,false
rtt-fair 2 flows 20ms vs 100ms rate=10M,NewReno,2,8.471,0.847,21.8,39.2,39.5,21.4,39.2,1304,23.6,146,0,0.894,false
rtt-fair 2 flows 20ms vs 100ms rate=10M,NewReno,3,8.396,0.840,21.9,39.2,39.2,21.4,39.2,1315,23.5,148,0,0.893,false
rtt-fair 2 flows 20ms vs 100ms rate=10M,Cubic,1,7.914,0.791,28.7,39.2,39.2,28.7,39.2,1143,23.6,138,0,0.925,false
rtt-fair 2 flows 20ms vs 100ms rate=10M,Cubic,2,7.914,0.791,28.7,39.2,39.2,28.7,39.2,1143,23.6,138,0,0.925,false
rtt-fair 2 flows 20ms vs 100ms rate=10M,Cubic,3,7.914,0.791,28.7,39.2,39.2,28.7,39.2,1143,23.6,138,0,0.925,false
rtt-fair 2 flows 20ms vs 100ms rate=10M,Bbr,1,6.908,0.691,23.9,39.2,39.5,22.9,39.2,1231,23.6,451,0,0.949,false
rtt-fair 2 flows 20ms vs 100ms rate=10M,Bbr,2,6.744,0.674,23.9,39.2,39.5,23.0,39.2,1198,23.7,500,0,0.957,false
rtt-fair 2 flows 20ms vs 100ms rate=10M,Bbr,3,6.797,0.680,23.9,39.2,39.5,23.9,39.2,1213,23.7,424,0,0.954,false
rtt-fair 2 flows 20ms vs 100ms rate=10M,Copa,1,6.017,0.602,28.7,39.2,73.8,28.7,39.2,1184,24.2,7709,0,0.969,false
rtt-fair 2 flows 20ms vs 100ms rate=10M,Copa,2,5.918,0.592,28.7,39.3,67.1,28.7,39.3,1175,24.3,7841,0,0.972,false
rtt-fair 2 flows 20ms vs 100ms rate=10M,Copa,3,5.918,0.592,28.7,39.3,67.1,28.7,39.3,1175,24.3,7841,0,0.972,false
rtt-fair 2 flows 20ms vs 100ms rate=10M,CopaMeta,1,7.538,0.754,29.5,39.2,71.3,28.7,39.2,1412,24.3,28113,0,0.882,false
rtt-fair 2 flows 20ms vs 100ms rate=10M,CopaMeta,2,7.538,0.754,29.5,39.2,71.3,28.7,39.2,1412,24.3,28113,0,0.882,false
rtt-fair 2 flows 20ms vs 100ms rate=10M,CopaMeta,3,8.915,0.891,34.4,39.3,76.5,33.5,39.3,1370,24.3,36026,0,0.840,false
coexist vs CUBIC rate=10M rtt=50ms,NewReno,1,4.748,0.475,82.3,99.5,99.5,82.3,99.5,501,60.5,89,0,0.993,false
coexist vs CUBIC rate=10M rtt=50ms,NewReno,2,4.748,0.475,82.3,99.5,99.5,82.3,99.5,501,60.5,89,0,0.993,false
coexist vs CUBIC rate=10M rtt=50ms,NewReno,3,4.748,0.475,82.3,99.5,99.5,82.3,99.5,501,60.5,89,0,0.993,false
coexist vs CUBIC rate=10M rtt=50ms,Cubic,1,5.361,0.536,89.0,99.5,99.5,89.0,99.5,477,60.5,90,0,0.996,false
coexist vs CUBIC rate=10M rtt=50ms,Cubic,2,5.361,0.536,89.0,99.5,99.5,89.0,99.5,477,60.5,90,0,0.996,false
coexist vs CUBIC rate=10M rtt=50ms,Cubic,3,5.361,0.536,89.0,99.5,99.5,89.0,99.5,477,60.5,90,0,0.996,false
coexist vs CUBIC rate=10M rtt=50ms,Bbr,1,4.857,0.486,87.1,99.5,99.7,87.1,99.5,483,60.7,176,0,1.000,false
coexist vs CUBIC rate=10M rtt=50ms,Bbr,2,4.718,0.472,86.1,99.5,99.7,85.2,99.5,499,60.7,197,0,0.999,false
coexist vs CUBIC rate=10M rtt=50ms,Bbr,3,4.721,0.472,87.1,99.5,99.7,86.1,99.5,493,60.7,211,0,0.999,false
coexist vs CUBIC rate=10M rtt=50ms,Copa,1,4.772,0.477,85.2,99.5,99.5,85.2,99.5,485,60.5,196,0,1.000,false
coexist vs CUBIC rate=10M rtt=50ms,Copa,2,4.773,0.477,85.2,99.5,99.5,85.2,99.5,495,60.5,174,0,0.998,false
coexist vs CUBIC rate=10M rtt=50ms,Copa,3,4.749,0.475,84.2,99.5,99.5,83.2,99.5,509,60.5,169,0,0.992,false
coexist vs CUBIC rate=10M rtt=50ms,CopaMeta,1,7.815,0.782,89.0,99.6,99.6,88.0,99.6,480,60.6,1526,0,0.942,false
coexist vs CUBIC rate=10M rtt=50ms,CopaMeta,2,7.815,0.782,89.0,99.6,99.6,88.0,99.6,480,60.6,1526,0,0.942,false
coexist vs CUBIC rate=10M rtt=50ms,CopaMeta,3,7.873,0.787,88.0,99.5,99.6,88.0,99.5,484,60.6,1378,0,0.940,false

law,p99_latency_vs_best_geomean,worst_p99_vs_best,worst_scenario,goodput_shortfall_vs_best_geomean,disqualified
NewReno,1.207,3.862,step 10M-2M-10M rtt=100ms,15.829,Jain 0.893 in rtt-fair 2 flows 20ms vs 100ms rate=10M; Jain 0.894 in rtt-fair 2 flows 20ms vs 100ms rate=10M; stalled in grid rate=100000000 rtt=100ms loss=1%; stalled in grid rate=100000000 rtt=100ms loss=5%; stalled in grid rate=100000000 rtt=300ms loss=1%; stalled in grid rate=100000000 rtt=300ms loss=5%
Cubic,1.231,3.085,step 10M-2M-10M rtt=100ms,14.043,stalled in grid rate=100000000 rtt=100ms loss=5%; stalled in grid rate=100000000 rtt=300ms loss=1%; stalled in grid rate=100000000 rtt=300ms loss=5%
Bbr,1.343,10.812,burst loss rate=10M rtt=100ms,2.561,stalled in grid rate=100000000 rtt=300ms loss=5%
Copa,1.268,3.051,grid rate=1000000 rtt=20ms loss=5%,1.068,no
CopaMeta,1.450,3.462,grid rate=1000000 rtt=100ms loss=0,1.083,Jain 0.840 in rtt-fair 2 flows 20ms vs 100ms rate=10M; Jain 0.882 in rtt-fair 2 flows 20ms vs 100ms rate=10M
